{
    "id": "rct2.terrain_edge.ice",
    "authors": [
        "Chris Sawyer",
        "Simon Foster"
    ],
    "version": "1.0",
    "originalId": "0000008C|#RCT2EIC|00000000",
    "sourceGame": [
        "rct2",
        "rct1ll"
    ],
    "objectType": "terrain_edge",
    "properties": {
    },
    "images": [
        "$G1[5596]",
        "$G1[1831..1914]"
    ],
    "strings": {
        "name": {
            "en-GB": "Ice",
            "de-DE": "Eis",
            "nl-NL": "IJs",
            "pt-BR": "Gelo",
            "fr-FR": "Glace",
            "ja-JP": "氷",
            "pl-PL": "Lód",
            "ko-KR": "얼음",
            "eo-ZZ": "Glacio",
            "sv-SE": "Is",
            "ca-ES": "Gel",
            "fi-FI": "Jäinen",
            "zh-CN": "冰"
        }
    }
}
