{
    "id": "rct2.terrain_edge.rock",
    "authors": [
        "Chris Sawyer",
        "Simon Foster"
    ],
    "version": "1.0",
    "originalId": "0000008C|#RCT2ERO|00000000",
    "sourceGame": [
        "rct2",
        "rct1"
    ],
    "objectType": "terrain_edge",
    "properties": {
    },
    "images": [
        "$G1[5593]",
        "$G1[1579..1662]"
    ],
    "strings": {
        "name": {
            "en-GB": "Rock",
            "de-DE": "Gestein",
            "nl-NL": "Rotswand",
            "pt-BR": "Pedra",
            "ja-JP": "石",
            "fr-FR": "Roche",
            "pl-PL": "Kamień",
            "ko-KR": "바위",
            "eo-ZZ": "Ŝtono",
            "ca-ES": "Roca",
            "fi-FI": "Kivinen",
            "zh-CN": "石头"
        }
    }
}
