{
    "id": "rct2.ride.swans",
    "authors": [
        "Chris Sawyer",
        "Simon Foster"
    ],
    "version": "1.0",
    "originalId": "0A188B80|SWANS   |EF4071FD",
    "sourceGame": [
        "rct2",
        "rct1"
    ],
    "objectType": "ride",
    "properties": {
        "type": "boat_hire",
        "category": [
            "water",
            "gentle"
        ],
        "ratingMultipler": {
            "excitement": 5,
            "intensity": 2
        },
        "carColours": [
            [
                [
                    "white",
                    "white",
                    "black"
                ]
            ]
        ],
        "cars": {
            "rotationFrameMask": 15,
            "spacing": 278912,
            "mass": 350,
            "numSeats": 4,
            "animation": 2,
            "numSeatRows": 3,
            "poweredAcceleration": 8,
            "poweredMaxSpeed": 5,
            "drawOrder": 5,
            "frames": {
                "flat": true
            },
            "VEHICLE_ENTRY_FLAG_11": true,
            "isPowered": true,
            "useBoatHireCollisionDetection": true,
            "hasRiderAnimation": true,
            "loadingPositions": [
                6,
                8,
                -4,
                -2
            ]
        },
        "buildMenuPriority": 3
    },
    "images": [
        "$RCT2:OBJDATA/SWANS.DAT[0..66]"
    ],
    "strings": {
        "name": {
            "en-GB": "Swans",
            "fr-FR": "Cygnes",
            "de-DE": "Schwäne",
            "es-ES": "Cisnes",
            "it-IT": "Cigni",
            "nl-NL": "Zwanenbootjes",
            "sv-SE": "Svanar",
            "ko-KR": "백조 보트",
            "zh-CN": "天鹅",
            "zh-TW": "天鵝",
            "pt-BR": "Cisnes",
            "cs-CZ": "Labutě",
            "ja-JP": "スワンボート",
            "pl-PL": "Łabędzie",
            "ru-RU": "Лебеди",
            "eo-ZZ": "Cigno-Boatoj",
            "ca-ES": "Cignes",
            "fi-FI": "Joutsenet"
        },
        "description": {
            "en-GB": "Swan-shaped boats, propelled by the pedalling front seat passengers",
            "en-US": "Swan-shaped boats, propelled by the pedaling front seat passengers",
            "fr-FR": "Pédalos en forme de cygne",
            "de-DE": "Schwanförmige Boote mit Pedalantrieb, die von den vorderen Passagieren getreten werden",
            "es-ES": "Bote con forma de cisne impulsado mediante pedaleo por los pasajeros",
            "it-IT": "Barche a forma di cigno, spinte dalle pedalate dei passeggeri in prima fila",
            "nl-NL": "Boten in de vorm van een zwaan, voortgestuwd door het trappen van de passagiers op de eerste rij.",
            "sv-SE": "Svanformade pedaldrivna båtar, som passagerarna i framsätet trampar framåt",
            "ko-KR": "앞쪽 좌석의 탑승객이 페달을 직접 밟아 움직이는 백조 모양의 보트",
            "zh-CN": "天鹅外形的船, 由前座的乘客脚踏前进",
            "zh-TW": "天鵝外形的船, 由前座的乘客腳踏前進",
            "pt-BR": "Barco em forma de cisne, propulsionado pelos pedais dos passageiros da frente",
            "cs-CZ": "Lodě ve tvaru labutí, ovládané šlapáním návštěvníků",
            "ja-JP": "前席の乗客がペダルを漕いで進む、白鳥型のボートです",
            "pl-PL": "Łodzie w kształcie łabędzi napędzane przez pedałujących pasażerów z przednich miejsc",
            "ru-RU": "Люди катаются в лодках, имеющих форму лебедей.",
            "eo-ZZ": "Cignoformaj boatoj, kiujn la pedalado de la frontaj pasaĝeroj antaŭenigas",
            "ca-ES": "Barques en forma de cignes que els passatgers mouen pedalant.",
            "fi-FI": "Joutsenen muotoiset veneet, jotka liikkuvat eturivin matkustajien polkemana"
        },
        "capacity": {
            "en-GB": "4 passengers per boat",
            "fr-FR": "4 passagers par bateau",
            "de-DE": "4 Fahrgäste pro Boot",
            "es-ES": "4 pasajeros por vagón",
            "it-IT": "4 passeggeri a barca",
            "nl-NL": "4 passagiers per boot",
            "sv-SE": "4 passagerare per båt",
            "ko-KR": "보트당 4명의 승객",
            "zh-CN": "4 位乘客/船",
            "zh-TW": "4 位乘客 /每艘船",
            "pt-BR": "4 passageiros por barco",
            "cs-CZ": "4 místa na každém raftu",
            "ja-JP": "各ボート4名",
            "pl-PL": "4 pasażerów na łódkę",
            "ru-RU": "4 пассажира",
            "eo-ZZ": "Po 4 pasaĝeroj por boato",
            "ca-ES": "4 passatgers per barca",
            "fi-FI": "4 matkustajaa per vene"
        }
    }
}
