{
    "id": "rct2.ride.utcarr",
    "authors": [
        "Chris Sawyer",
        "Simon Foster"
    ],
    "version": "1.0",
    "originalId": "0A188C80|UTCARR  |A91D1013",
    "sourceGame": [
        "rct2",
        "rct1aa"
    ],
    "objectType": "ride",
    "properties": {
        "type": "heartline_twister_rc",
        "category": "rollercoaster",
        "limitAirTimeBonus": true,
        "carColours": [
            [
                [
                    "white",
                    "light_blue",
                    "black"
                ]
            ],
            [
                [
                    "yellow",
                    "bright_red",
                    "black"
                ]
            ],
            [
                [
                    "bright_red",
                    "yellow",
                    "black"
                ]
            ]
        ],
        "cars": [
            {
                "rotationFrameMask": 31,
                "spacing": 278912,
                "mass": 950,
                "tabOffset": -10,
                "numSeats": 4,
                "numSeatRows": 2,
                "frictionSoundId": 2,
                "soundRange": 2,
                "effectVisual": 10,
                "drawOrder": 11,
                "frames": {
                    "flat": true,
                    "gentleSlopes": true,
                    "steepSlopes": true,
                    "verticalSlopes": true,
                    "flatBanked": true,
                    "inlineTwists": true,
                    "restraintAnimation": true
                },
                "hasAdditionalColour1": true,
                "hasScreamingRiders": true,
                "loadingPositions": [
                    -7,
                    -9,
                    5,
                    3
                ]
            },
            {
                "rotationFrameMask": 31,
                "spacing": 278912,
                "mass": 950,
                "tabOffset": -10,
                "numSeats": 4,
                "numSeatRows": 2,
                "frictionSoundId": 2,
                "soundRange": 2,
                "effectVisual": 10,
                "drawOrder": 11,
                "frames": {
                    "flat": true,
                    "gentleSlopes": true,
                    "steepSlopes": true,
                    "verticalSlopes": true,
                    "flatBanked": true,
                    "inlineTwists": true,
                    "restraintAnimation": true
                },
                "hasAdditionalColour1": true,
                "hasScreamingRiders": true,
                "loadingPositions": [
                    5,
                    3,
                    -7,
                    -9
                ]
            }
        ],
        "buildMenuPriority": 1
    },
    "images": [
        "$RCT2:OBJDATA/UTCARR.DAT[0..2594]"
    ],
    "strings": {
        "name": {
            "en-GB": "Twister Cars (starting reversed)",
            "fr-FR": "Voit. tornado (dép. inversé)",
            "de-DE": "Twister-Wagen (m. umgek. Start)",
            "es-ES": "Coches Tornado (invertidos)",
            "it-IT": "Car. per Serpentone (retrom.)",
            "nl-NL": "Twisterkarretjes (achterstevoren starten)",
            "sv-SE": "Spinnvagnar, startar baklänges",
            "ko-KR": "트위스터 차량 (역방향)",
            "zh-CN": "旋转列车(反转出发)",
            "zh-TW": "旋轉列車(反轉出發)",
            "pt-BR": "Carros Tornado (começam invertidos)",
            "cs-CZ": "Zatočené vozy (pozpátku)",
            "ja-JP": "ツイスト (逆走で始まる)",
            "pl-PL": "Wagoniki zwijki (ruszające tyłem)",
            "ru-RU": "Твистер-Кар (реверс.)",
            "eo-ZZ": "Tvisto-Ĉaroj (startantaj dorsantaŭe)",
            "ca-ES": "Cotxes Tornado (invertits)",
            "fi-FI": "Kierrevaunut (takaperin)"
        },
        "description": {
            "en-GB": "Roller coaster cars capable of heartline twists, starting reversed",
            "fr-FR": "Voiture de montagnes russes capable de passer dans des inversions à 360°",
            "de-DE": "Achterbahnwagen, mit denen Heartline-Twists möglich sind, mit umgekehrtem Start",
            "es-ES": "Montaña rusa con vagones capaces de giros a media altura",
            "it-IT": "Carrozze da ottovolante adatte alle curve ondulate",
            "nl-NL": "Achtbaankarretjes die geschikt zijn voor heartline twists.",
            "sv-SE": "Berg- och dalbanevagnar som kan genomföra hjärtlinjeskruvar, och som startar baklänges",
            "ko-KR": "하트라인 트위스트에 적합한 롤러코스터 차량",
            "zh-CN": "过山车车辆可以中心旋转运行",
            "zh-TW": "雲霄飛車車輛可以中心旋轉運行",
            "pt-BR": "Carros de montanha-russa capazes de girar para cima e para baixo",
            "cs-CZ": "Horská dráha, která se točí dokola tak, že návštěvníci jsou pořád na stejném místě.",
            "ja-JP": "ハート形のひねりを持つローラーコースター(逆向きスタート)です",
            "pl-PL": "Wagoniki kolejki górskiej wykonującej zabójcze zakręty",
            "ru-RU": "Горки с головокружительным вращением.",
            "eo-ZZ": "Ĉaroj de onda fervojo, kiuj povas fari ĉekorajn tvistojn, startantaj dorsantaŭe",
            "ca-ES": "Muntanya russa amb cotxes que giren a mitja altura i comencen invertits.",
            "fi-FI": "Sivuttaisvierityksiin kykenevät takaperin kulkevat vuoristoratavaunut"
        },
        "capacity": {
            "en-GB": "4 passengers per car",
            "fr-FR": "4 passagers par voiture",
            "de-DE": "4 Fahrgäste pro Wagen",
            "es-ES": "4 pasajeros por vagón",
            "it-IT": "4 passeggeri a carrozza",
            "nl-NL": "4 passagiers per karretje",
            "sv-SE": "4 passagerare per vagn",
            "ko-KR": "차량당 4명의 승객",
            "zh-CN": "4位乘客/车",
            "zh-TW": "4 位乘客/每個車廂",
            "pt-BR": "4 passageiros por carro",
            "cs-CZ": "4 místa v každém voze",
            "ja-JP": "各車両4名",
            "pl-PL": "4 pasażerów na wagonik",
            "ru-RU": "4 пассажира",
            "eo-ZZ": "Po 4 pasaĝeroj por ĉaro",
            "ca-ES": "4 passatgers per cotxe",
            "fi-FI": "4 matkustajaa per vaunu"
        }
    }
}
