{
    "id": "rct2.ride.cboat",
    "authors": [
        "Chris Sawyer",
        "Simon Foster"
    ],
    "version": "1.0",
    "originalId": "0A188A80|CBOAT   |7E79535C",
    "sourceGame": [
        "rct2",
        "rct1"
    ],
    "objectType": "ride",
    "properties": {
        "type": "boat_hire",
        "category": [
            "water",
            "gentle"
        ],
        "disableBreakdown": true,
        "carColours": [
            [
                [
                    "saturated_brown",
                    "bordeaux_red",
                    "black"
                ]
            ]
        ],
        "cars": {
            "rotationFrameMask": 15,
            "spacing": 278912,
            "mass": 180,
            "numSeats": 2,
            "animation": 3,
            "numSeatRows": 6,
            "poweredAcceleration": 8,
            "poweredMaxSpeed": 5,
            "drawOrder": 5,
            "frames": {
                "flat": true
            },
            "VEHICLE_ENTRY_FLAG_11": true,
            "hasAdditionalColour1": true,
            "isPowered": true,
            "useBoatHireCollisionDetection": true,
            "hasRiderAnimation": true,
            "loadingPositions": [
                3,
                -3
            ]
        },
        "buildMenuPriority": 4
    },
    "images": [
        "$RCT2:OBJDATA/CBOAT.DAT[0..114]"
    ],
    "strings": {
        "name": {
            "en-GB": "Canoes",
            "fr-FR": "Canoë",
            "de-DE": "Kanus",
            "es-ES": "Canoas",
            "it-IT": "Canoe",
            "nl-NL": "Kano’s",
            "sv-SE": "Kanoter",
            "ko-KR": "카누",
            "zh-CN": "独木舟",
            "zh-TW": "獨木舟",
            "pt-BR": "Canoas",
            "cs-CZ": "Kánoe",
            "ja-JP": "カヌー",
            "pl-PL": "Kajaki",
            "ru-RU": "Каноэ",
            "eo-ZZ": "Kanuoj",
            "fi-FI": "Kanootit"
        },
        "description": {
            "en-GB": "Long canoes which the passengers paddle themselves",
            "fr-FR": "Longs canoës que les passagers dirigent en pagayant",
            "de-DE": "Lange Kanus, in denen die Passagiere selbst rudern",
            "es-ES": "Largas canoas en las que los pasajeros palean",
            "it-IT": "Lunghe canoe mosse dalle pagaiate dei visitatori stessi",
            "nl-NL": "Lange kano’s waarin de passagiers zelf roeien.",
            "sv-SE": "Långa kanoter som paddlas av passagerarna",
            "ko-KR": "탑승객이 스스로 페달을 밟는 긴 카누",
            "zh-CN": "长型的独木舟由乘客自行划桨前进",
            "zh-TW": "長型的獨木舟由遊客自行划槳前進",
            "pt-BR": "Longas nas quais os passageiros remam",
            "cs-CZ": "Dlouhé kánoe, u kterých musí návštěvníci pádlovat",
            "ja-JP": "乗客自身が漕ぐロングカヌーです",
            "pl-PL": "Długie kajaki, w których pasażerowie sami wiosłują",
            "ru-RU": "Длинные каноэ, где пассажиры гребут сами",
            "eo-ZZ": "Longaj kanuoj, kiujn la pasaĝeroj padelas per si mem",
            "ca-ES": "Canoes llargues que els passatgers mouen remant.",
            "fi-FI": "Pitkät kanootit, joita matkustajat soutavat itse"
        },
        "capacity": {
            "en-GB": "2 passengers per canoe",
            "fr-FR": "2 passagers par canoë",
            "de-DE": "2 Fahrgäste pro Kanu",
            "es-ES": "2 pasajeros por canoa",
            "it-IT": "2 passeggeri a canoa",
            "nl-NL": "2 passagiers per kano",
            "sv-SE": "2 passagerare per kanot",
            "ko-KR": "카누당 2명의 승객",
            "zh-CN": "2位乘客/船",
            "zh-TW": "2位乘客/每個獨木舟",
            "pt-BR": "2 passageiros por canoa",
            "cs-CZ": "2 místa v každé lodi",
            "ja-JP": "各カヌー2名",
            "pl-PL": "2 pasażerów na łódkę",
            "ru-RU": "2 чел. на лодку",
            "eo-ZZ": "Po 2 pasaĝeroj por kanuo",
            "ca-ES": "2 passatgers per canoa",
            "fi-FI": "2 matkustajaa per kanootti"
        }
    }
}
