{
    "id": "rct2.ride.srings",
    "authors": [
        "Chris Sawyer",
        "Simon Foster"
    ],
    "version": "1.0",
    "originalId": "0A188B80|SRINGS  |BB605CD7",
    "sourceGame": [
        "rct2",
        "rct1"
    ],
    "objectType": "ride",
    "properties": {
        "type": "space_rings",
        "category": "gentle",
        "tabScale": 0.5,
        "carsPerFlatRide": 4,
        "carColours": [
            [
                [
                    "light_blue",
                    "yellow",
                    "black"
                ]
            ],
            [
                [
                    "dark_green",
                    "yellow",
                    "black"
                ]
            ],
            [
                [
                    "bright_red",
                    "white",
                    "black"
                ]
            ],
            [
                [
                    "black",
                    "bright_red",
                    "black"
                ]
            ]
        ],
        "cars": {
            "spacing": 139456,
            "mass": 1000,
            "numSeats": 1,
            "spriteWidth": 55,
            "spriteHeightNegative": 48,
            "spriteHeightPositive": 28,
            "carVisual": 1,
            "drawOrder": 6,
            "frames": {
                "flat": true
            },
            "recalculateSpriteBounds": true,
            "hasAdditionalColour1": true,
            "numSegments": 0,
            "loadingWaypoints": [
                [
                    [
                        40,
                        0
                    ],
                    [
                        0,
                        0
                    ],
                    [
                        0,
                        0
                    ]
                ],
                [
                    [
                        0,
                        -40
                    ],
                    [
                        0,
                        0
                    ],
                    [
                        0,
                        0
                    ]
                ],
                [
                    [
                        -40,
                        0
                    ],
                    [
                        0,
                        0
                    ],
                    [
                        0,
                        0
                    ]
                ],
                [
                    [
                        0,
                        40
                    ],
                    [
                        0,
                        0
                    ],
                    [
                        0,
                        0
                    ]
                ],
                [
                    [
                        40,
                        0
                    ],
                    [
                        0,
                        0
                    ],
                    [
                        0,
                        0
                    ]
                ],
                [
                    [
                        0,
                        -40
                    ],
                    [
                        0,
                        0
                    ],
                    [
                        0,
                        0
                    ]
                ],
                [
                    [
                        -40,
                        0
                    ],
                    [
                        0,
                        0
                    ],
                    [
                        0,
                        0
                    ]
                ],
                [
                    [
                        0,
                        40
                    ],
                    [
                        0,
                        0
                    ],
                    [
                        0,
                        0
                    ]
                ],
                [
                    [
                        40,
                        0
                    ],
                    [
                        0,
                        0
                    ],
                    [
                        0,
                        0
                    ]
                ],
                [
                    [
                        0,
                        -40
                    ],
                    [
                        0,
                        0
                    ],
                    [
                        0,
                        0
                    ]
                ],
                [
                    [
                        -40,
                        0
                    ],
                    [
                        0,
                        0
                    ],
                    [
                        0,
                        0
                    ]
                ],
                [
                    [
                        0,
                        40
                    ],
                    [
                        0,
                        0
                    ],
                    [
                        0,
                        0
                    ]
                ],
                [
                    [
                        40,
                        0
                    ],
                    [
                        0,
                        0
                    ],
                    [
                        0,
                        0
                    ]
                ],
                [
                    [
                        0,
                        -40
                    ],
                    [
                        0,
                        0
                    ],
                    [
                        0,
                        0
                    ]
                ],
                [
                    [
                        -40,
                        0
                    ],
                    [
                        0,
                        0
                    ],
                    [
                        0,
                        0
                    ]
                ],
                [
                    [
                        0,
                        40
                    ],
                    [
                        0,
                        0
                    ],
                    [
                        0,
                        0
                    ]
                ]
            ]
        }
    },
    "images": [
        "$RCT2:OBJDATA/SRINGS.DAT[0..706]"
    ],
    "strings": {
        "name": {
            "en-GB": "Space Rings",
            "fr-FR": "Anneaux de l’espace",
            "de-DE": "Weltraumringe",
            "es-ES": "Anillos Espaciales",
            "it-IT": "Anelli spaziali",
            "nl-NL": "Ruimteringen",
            "sv-SE": "Rymdringar",
            "ko-KR": "스페이스 링",
            "zh-CN": "环形空间",
            "zh-TW": "環形空間",
            "pt-BR": "Anéis Espaciais",
            "cs-CZ": "Vesmírné kruhy",
            "ja-JP": "スペースリング",
            "nb-NO": "Romringer",
            "pl-PL": "Kosmiczne pierścienie",
            "ru-RU": "Космокольца",
            "eo-ZZ": "Kosmaj Ringoj",
            "ca-ES": "Anelles espacials",
            "fi-FI": "Avaruusrenkaat"
        },
        "description": {
            "en-GB": "Concentric pivoting rings allowing the riders free rotation in all directions",
            "fr-FR": "Anneaux pivotant de manière concentrique permettant aux visiteurs de tourner librement dans toutes les directions",
            "de-DE": "Konzentrische, rotierende Ringe ermöglichen den Passagieren, sich in alle Richtungen frei zu drehen",
            "es-ES": "Anillos concéntricos que pivotan permitiendo a los pasajeros rotar libremente en cualquier dirección",
            "it-IT": "Anelli concentrici e che ruotano su un asse, permettendo ai visitatori di ruotare liberamente in tutte le direzioni",
            "nl-NL": "Concentrische draaiende ringen waarmee de passagiers vrij kunnen draaien in alle richtingen.",
            "sv-SE": "Koncentriska svängringar där passagerarna roterar fritt i alla riktningar",
            "ko-KR": "동심원 모양의 고리가 탑승자를 어느 방향이든 회전시킬 수 있는 놀이기구",
            "zh-CN": "在中心枢轴上转动,允许乘客自由转动方向",
            "zh-TW": "在中心樞軸上轉動,允?乘客自由轉動方向",
            "pt-BR": "Anéis concêntricos giratórios permitem que o visitante gire livremente em todas as direções",
            "cs-CZ": "Tři v sobě zasazené rotující kruhy dají návštěvníkům možnost volného pohybu ve všech třech rozměrech",
            "ja-JP": "同軸のスペースリングで、全方向に回転する乗物です",
            "pl-PL": "Koncentryczne obrotowe obręcze, umożliwiające swobodne kręcenie się we wszystkich kierunkach",
            "ru-RU": "Концентрические кольца позволяют вращаться во всех направлениях",
            "eo-ZZ": "Koncentraj pivotantaj ringoj, kiuj donas al la rajdantoj liberan rotacion en ĉiuj direktoj",
            "ca-ES": "Anelles concèntriques que giren sobre elles mateixes i que permeten als passatgers girar en totes les direccions.",
            "fi-FI": "Sisäkkäiset pyörivät renkaat antavat kävijöiden pyöriä vapaasti joka suuntaan"
        },
        "capacity": {
            "en-GB": "1 guest per ring",
            "fr-FR": "1 personne à la fois",
            "de-DE": "Jeweils 1 Fahrgast",
            "es-ES": "1 por visitante",
            "it-IT": "1 visitatore ciascuno",
            "nl-NL": "1 bezoeker per ring",
            "sv-SE": "1 besökare per ring",
            "ko-KR": "각 1명",
            "pt-BR": "1 visitante",
            "cs-CZ": "1 místo v každém kruhu",
            "ja-JP": "各1名",
            "pl-PL": "1 osoba",
            "ru-RU": "1 чел.",
            "eo-ZZ": "Po 1 gasto por ringo",
            "ca-ES": "1 passatger per anella",
            "fi-FI": "1 kävijä per rengas",
            "zh-CN": "1位乘客/环"
        }
    }
}
