{
    "id": "rct2.ride.lemst",
    "authors": [
        "Chris Sawyer",
        "Simon Foster"
    ],
    "version": "1.0",
    "originalId": "0A188B80|LEMST   |B20D8919",
    "sourceGame": [
        "rct2",
        "rct1ll"
    ],
    "objectType": "ride",
    "properties": {
        "type": "drink_stall",
        "category": "stall",
        "clearance": 32,
        "sells": "lemonade",
        "disablePainting": true,
        "carsPerFlatRide": 1,
        "carColours": [
            [
                [
                    "black",
                    "black",
                    "black"
                ]
            ]
        ]
    },
    "images": [
        "$RCT2:OBJDATA/LEMST.DAT[0..6]"
    ],
    "strings": {
        "name": {
            "en-GB": "Lemonade Stall",
            "fr-FR": "Limonadier",
            "de-DE": "Limonadenstand",
            "es-ES": "Puesto de limonadas",
            "it-IT": "Chiosco delle limonate",
            "nl-NL": "Limonadekraam",
            "sv-SE": "Lemonadstånd",
            "ko-KR": "레모네이드 가게",
            "zh-CN": "柠檬水店",
            "zh-TW": "檸檬水店",
            "pt-BR": "Barraca de Limonada",
            "cs-CZ": "Stánek s limonádou",
            "ja-JP": "レモネードショップ",
            "pl-PL": "Kiosk z lemoniadą",
            "ru-RU": "Лимонад",
            "eo-ZZ": "Limonadobudo",
            "ca-ES": "Estand de llimonada",
            "fi-FI": "Limsakoju"
        },
        "description": {
            "en-GB": "A stall selling refreshing lemonade drinks",
            "fr-FR": "Boutique vendant des limonades rafraîchissantes",
            "de-DE": "Ein Stand, an dem erfrischende Limonadengetränke verkauft werden",
            "es-ES": "Puesto que vende refrescantes limonadas",
            "it-IT": "Un chiosco che vende rinfrescanti limonate",
            "nl-NL": "Een kraam waar verfrissende limonade wordt verkocht.",
            "sv-SE": "Ett stånd som säljer uppfriskande lemonad",
            "ko-KR": "신선한 레모네이드 음료를 파는 가게",
            "zh-CN": "一家卖清凉的柠檬水饮料的商店",
            "zh-TW": "一家賣清涼的檸檬水飲料的商店",
            "pt-BR": "Uma barraca vendendo refrescantes bebidas de limão",
            "cs-CZ": "Stánek prodávající osvěžující citronádu",
            "ja-JP": "レモネードを売る売店です",
            "pl-PL": "Stoisko sprzedające orzeţwiającą lemoniadę",
            "ru-RU": "Палатка с лимонадом",
            "eo-ZZ": "Budo vendanta refreŝigajn limonado-trinkaĵojn",
            "ca-ES": "Un estand que ven begudes refrescants de llimonada.",
            "fi-FI": "Koju, joka myy raikastavia limsoja"
        }
    }
}
