{
    "id": "rct2.ride.spboat",
    "authors": [
        "Chris Sawyer",
        "Simon Foster"
    ],
    "version": "1.0",
    "originalId": "0A188B80|SPBOAT  |1057649F",
    "sourceGame": [
        "rct2",
        "rct1aa"
    ],
    "objectType": "ride",
    "properties": {
        "type": "splash_boats",
        "category": [
            "water",
            "thrill"
        ],
        "tabScale": 0.5,
        "playSplashSound": true,
        "noCollisionCrashes": true,
        "minCarsPerTrain": 3,
        "maxCarsPerTrain": 3,
        "numEmptyCars": 2,
        "tabCar": 1,
        "headCars": 1,
        "tailCars": 1,
        "carColours": [
            [
                [
                    "saturated_brown",
                    "bordeaux_red",
                    "black"
                ]
            ],
            [
                [
                    "grey",
                    "dark_purple",
                    "black"
                ]
            ]
        ],
        "cars": [
            {
                "rotationFrameMask": 31,
                "spacing": 191752,
                "mass": 1250,
                "numSeats": 16,
                "numSeatRows": 8,
                "logFlumeReverserVehicleType": 1,
                "soundRange": 0,
                "poweredAcceleration": 255,
                "poweredMaxSpeed": 5,
                "effectVisual": 13,
                "drawOrder": 10,
                "frames": {
                    "flat": true,
                    "gentleSlopes": true,
                    "steepSlopes": true
                },
                "hasAdditionalColour1": true,
                "isPowered": true,
                "hasScreamingRiders": true,
                "isWaterRide": true,
                "loadingPositions": [
                    14,
                    12,
                    14,
                    12,
                    6,
                    4,
                    6,
                    4,
                    -6,
                    -4,
                    -6,
                    -4,
                    -14,
                    -12,
                    -14,
                    -12
                ]
            },
            {
                "rotationFrameMask": 0,
                "spacing": 87160,
                "soundRange": 0,
                "poweredAcceleration": 255,
                "poweredMaxSpeed": 5,
                "carVisual": 8,
                "effectVisual": 13,
                "drawOrder": 8,
                "spriteGroups": {
                    "slopeFlat": 1
                },
                "hasAdditionalColour1": true,
                "isPowered": true,
                "hasScreamingRiders": true,
                "isWaterRide": true
            }
        ],
        "buildMenuPriority": 1
    },
    "images": [
        "$RCT2:OBJDATA/SPBOAT.DAT[0..1658]",
        ""
    ],
    "strings": {
        "name": {
            "en-GB": "Splash Boats",
            "fr-FR": "Eclabousseur",
            "de-DE": "Splash-Boote",
            "es-ES": "Botes Locos",
            "it-IT": "Barche con lo schizzo",
            "nl-NL": "Plonsboten",
            "sv-SE": "Plaskbåtar",
            "ko-KR": "스플래시 보트",
            "zh-CN": "水花四溅",
            "zh-TW": "水花四濺",
            "pt-BR": "Barcos Splash",
            "cs-CZ": "Cákající lodě",
            "ja-JP": "スプラッシュ・ボート",
            "nb-NO": "Splashbåter",
            "pl-PL": "Pluskołódki",
            "ru-RU": "Лодки",
            "eo-ZZ": "Plaŭdantaj Boatoj",
            "ca-ES": "Barques esquitxadores",
            "fi-FI": "Roiskeveneet"
        },
        "description": {
            "en-GB": "Large capacity boats, built for water tracks with very steep drops",
            "fr-FR": "Grand bateau qui serpente le long d’une large voie navigable, monte sur des pentes grâce à un tapis roulant, et descend à toute vitesse de l’autre côté, éclaboussant allègrement les passagers",
            "de-DE": "Boote mit hoher Kapazität, gebaut für Wasserstrecken mit sehr steilen Gefällen",
            "es-ES": "Botes de gran capacidad que viajan por un amplio canal impulsados por una cinta transportadora que producen grandes salpicaduras",
            "it-IT": "Barche molto capienti viaggiano per un largo canale d’acqua, trainate da nastri trasportatori, per poi prendere velocità lungo ripidi pendii bagnando i passeggeri con schizzi d’acqua giganti",
            "nl-NL": "Boten met een hoge capaciteit varen door een brede waterbak, worden naar boven vervoerd door een lopende band, en gaan met hoge snelheid steile heuvels af om met een grote plons de passagiers te doorweken.",
            "sv-SE": "Högkapacitetsbåtar för vattenrännor med riktigt branta stup",
            "ko-KR": "광폭형 수로를 따라 이동하며 컨베이어 벨트로 경사를 오른 다음, 급경사로 가속하여 탑승객을 커다란 물보라로 홀딱 젖게 만드는 대용량의 보트",
            "zh-CN": "大型容量的船体延着水道利用传输带送上斜坡,再加速向下滑落并溅起水花使乘客浸泡到水",
            "zh-TW": "大型容量的船體延著水道利用傳輸帶送上斜坡,再加速向下滑落並濺起水花使乘客浸泡到水",
            "pt-BR": "Barcos de grande capacidade, projetados para percursos com quedas íngremes",
            "cs-CZ": "Velkokapacitní lodě se plaví po vodním kanále, poháněny do pásem do strmých úseků, zrychlují sjížděním svahů a namočí návštěvníky pořádným šplouchnutím",
            "ja-JP": "大定員のボートが幅の広い水路を進んでいき、ベルトコンベヤーで傾斜を上がると加速して一気に急傾斜を下り、水に突っ込んで乗客がずぶ濡れになる乗物です",
            "pl-PL": "Pojemne łodzie płynące szerokim kanałem, wciągane po nachyleniu przez pasy napędowe, zjeżdżające ze wzniesień i w wielkim plusku moczące pasażerów",
            "ru-RU": "Вместительные лодки плывут по широкому каналу при помощи ременного привода.",
            "eo-ZZ": "Grandspacaj boatoj, konstruitaj por akvotrakoj kun tre krutaj faloj",
            "ca-ES": "Barques de gran capacitat, construïdes per vies d’aigua amb caigudes pronunciades.",
            "fi-FI": "Suuren kapasiteetin veneet, jotka on luoto jyrkkämäkisissä vesikanavissa ajeluun"
        },
        "capacity": {
            "en-GB": "16 passengers per boat",
            "fr-FR": "16 passagers par bateau",
            "de-DE": "16 Fahrgäste pro Boot",
            "es-ES": "16 pasajeros por bote",
            "it-IT": "16 passeggeri a barca",
            "nl-NL": "16 passagiers per boot",
            "sv-SE": "16 passagerare per båt",
            "ko-KR": "보트당 16명의 승객",
            "zh-CN": "16位乘客/船",
            "zh-TW": "16 位乘客 /每艘船",
            "pt-BR": "16 passageiros por barco",
            "cs-CZ": "16 míst na každé lodi",
            "ja-JP": "定員16名",
            "pl-PL": "16 pasażerów na łódkę",
            "ru-RU": "16 пассажиров",
            "eo-ZZ": "16 pasaĝeroj por boato",
            "ca-ES": "16 passatgers per barca",
            "fi-FI": "16 matkustajaa per vene"
        }
    }
}
