{
    "id": "rct2.ride.skytr",
    "authors": [
        "Chris Sawyer",
        "Simon Foster"
    ],
    "version": "1.0",
    "originalId": "0A188B80|SKYTR   |AB64B391",
    "sourceGame": [
        "rct2",
        "rct1"
    ],
    "objectType": "ride",
    "properties": {
        "type": "mini_suspended_rc",
        "category": "rollercoaster",
        "minCarsPerTrain": 1,
        "maxCarsPerTrain": 2,
        "ratingMultipler": {
            "excitement": 10,
            "intensity": 25,
            "nausea": 15
        },
        "carColours": [
            [
                [
                    "bright_red",
                    "yellow",
                    "black"
                ]
            ],
            [
                [
                    "dark_green",
                    "yellow",
                    "black"
                ]
            ],
            [
                [
                    "bordeaux_red",
                    "bright_red",
                    "black"
                ]
            ]
        ],
        "cars": {
            "rotationFrameMask": 31,
            "spacing": 165604,
            "mass": 300,
            "tabOffset": -17,
            "numSeats": 1,
            "numSeatRows": 1,
            "frictionSoundId": 2,
            "soundRange": 0,
            "drawOrder": 2,
            "frames": {
                "flat": true,
                "gentleSlopes": true,
                "diagonalSlopes": true,
                "restraintAnimation": true
            },
            "hasAdditionalColour1": true,
            "hasSwinging": true,
            "hasScreamingRiders": true,
            "loadingPositions": [
                1
            ]
        },
        "buildMenuPriority": 1
    },
    "images": [
        "$RCT2:OBJDATA/SKYTR.DAT[0..1402]"
    ],
    "strings": {
        "name": {
            "en-GB": "Lay-down Cars",
            "fr-FR": "Mini montagnes suspendues",
            "de-DE": "Liegewagen",
            "es-ES": "Mini Montaña Rusa Suspendida",
            "it-IT": "Mini-ottovolante sospeso",
            "nl-NL": "Liggende karretjes",
            "sv-SE": "Liggvagnar",
            "ko-KR": "레이 다운 차량",
            "zh-CN": "迷你悬挂式飞行列车",
            "zh-TW": "迷你懸掛式飛行列車",
            "pt-BR": "Carros Deitados",
            "ar-EG": "Lay-down Cars",
            "cs-CZ": "Zavěšená horská dráha na \"ležáka\"",
            "ja-JP": "ミニ・サスペンデッド・フライング・コースター",
            "pl-PL": "Podwieszana minikolejka",
            "ru-RU": "Мини-летающие горки",
            "eo-ZZ": "Kuŝiĝantaj Ĉaroj",
            "ca-ES": "Muntanya russa amb passatgers gitats en cotxes",
            "fi-FI": "Makuuvaunut"
        },
        "description": {
            "en-GB": "Small suspended cars in which the passengers ride face-down in a lying position, swinging freely from side to side",
            "fr-FR": "Les passagers sont couchés à plat ventre dans une voiture spéciale se déplaçant sur un monorail et se balançant d’un côté à l’autre dans les virages",
            "de-DE": "Kleine hängende Wagen, in denen sich die Passagiere mit dem Gesicht nach unten in einer liegenden Position befinden und frei hin- und her schwingen",
            "es-ES": "Los pasajeros se colocan boca abajo en unos vagones especiales en ésta montaña rusa",
            "it-IT": "I passeggeri, distesi a pancia in giù in una carrozza speciale, sono sospesi al tracciato monorotaia e oscillano da una parte all’altra a ogni curva",
            "nl-NL": "Passagiers zitten in kleine karretjes die onder een enkele rail hangen en naar buiten zwaaien in de bochten.",
            "sv-SE": "Små upphängda vagnar där passagerarna  åker med ansiktet neråt i liggande ställning, och pendlar fritt från sida till sida",
            "ko-KR": "하나의 레일로 이루어진 트랙에 매달린 특수 차량에 얼굴을 아래로 한 자세로 타고 코너를 돌 때마다 이리 저리 자유롭게 흔들리는 차량",
            "zh-CN": "乘客乘坐在横卧向下的方向,悬挂在特殊设计的列车并在单轨轨道环行转角处时自由摇晃",
            "zh-TW": "乘客乘坐在橫臥向下的方向,懸掛在特殊設計的列車並在單軌軌道環行轉角處時自由搖晃",
            "pt-BR": "Pequenos vagões suspensos onde os passageiros ficam de rosto para baixo na posição horizontal, balançando livremente de um lado para o outro",
            "cs-CZ": "Návštěvníci jedou na jednokolejné trati vleže hlavou dolů, zavěšeni ve speciálním voze, který se v zatáčkách houpe",
            "ja-JP": "シングルレールコースの特殊なデザインの車両から乗客がうつぶせにぶら下がり、コーナーでは左右に振られるコースターです",
            "pl-PL": "Pasażerowie podróżują w pozycji leżącej, twarzą w dół, w specjalnych wagonikach podwieszonych pod pojedynczym torem, które bujają się swobodnie na zakrętach",
            "ru-RU": "Пассажиры едут лежа в вагончиках по одиночному рельсу, свободно качаясь на поворотах.",
            "eo-ZZ": "Malgrandaj penditaj ĉaroj, en kiuj la pasaĝeroj rajdas kuŝiĝante, frontas al la tero, kaj svingiĝas libere de unu flanko al la alia",
            "ca-ES": "Cotxes petits penjants en els quals els passatgers viatgen tombats cara a terra, balancejant-se lliurement de costat a costat.",
            "fi-FI": "Pienet riippuvat vaunut, joissa matkustajat kulkevat makuuasennossa vatsallaan, vapaasti heilahtaen käänteissä"
        },
        "capacity": {
            "en-GB": "1 passenger per car",
            "fr-FR": "1 passager par voiture",
            "de-DE": "1 Fahrgast pro Wagen",
            "es-ES": "1 pasajero por vehículo",
            "it-IT": "1 passeggero a carrozza",
            "nl-NL": "1 passagier per karretje",
            "sv-SE": "1 passagerare per vagn",
            "ko-KR": "차량당 승객 1명",
            "zh-CN": "1位乘客/车",
            "zh-TW": "1 位乘客/每個車廂",
            "pt-BR": "1 passageiro por carro",
            "cs-CZ": "1 místo v každém voze",
            "ja-JP": "各車両1名",
            "pl-PL": "1 pasażer na wagonik",
            "ru-RU": "1 пассажир",
            "eo-ZZ": "Po 1 pasaĝero por ĉaro",
            "ca-ES": "1 passatger per cotxe",
            "fi-FI": "1 matkustaja per vaunu"
        }
    }
}
