{
    "id": "rct2.ride.icecr2",
    "authors": [
        "Chris Sawyer",
        "Simon Foster"
    ],
    "version": "1.0",
    "originalId": "0A188A80|ICECR2  |3D5E0792",
    "sourceGame": "rct2",
    "objectType": "ride",
    "properties": {
        "type": "food_stall",
        "category": "stall",
        "clearance": 64,
        "sells": "ice_cream",
        "disablePainting": true,
        "carsPerFlatRide": 1,
        "carColours": [
            [
                [
                    "black",
                    "black",
                    "black"
                ]
            ]
        ]
    },
    "images": [
        "$RCT2:OBJDATA/ICECR2.DAT[0..6]"
    ],
    "strings": {
        "name": {
            "en-GB": "Ice Cream Cone Stall",
            "fr-FR": "Cône de glace",
            "de-DE": "Waffeleis-Stand",
            "es-ES": "Puesto de helados",
            "it-IT": "Chiosco di coni gelato",
            "nl-NL": "Roomijskraam",
            "sv-SE": "Glasstrutsstånd",
            "ko-KR": "아이스크림 콘 가게",
            "zh-CN": "冰淇淋店",
            "zh-TW": "冰淇淋店",
            "pt-BR": "Barraca de Casquinhas",
            "cs-CZ": "Stánek se zmrzlinou",
            "ja-JP": "アイスクリームショップ",
            "pl-PL": "Kiosk z rożkami",
            "ru-RU": "Мороженое",
            "eo-ZZ": "Glaciaĵo-Konuso-Budo",
            "ca-ES": "Estand de cornets",
            "fi-FI": "Jäätelötuuttikoju"
        },
        "description": {
            "en-GB": "A stall selling ice cream cones",
            "fr-FR": "Boutique vendant des cônes de glace",
            "de-DE": "Ein Stand, an dem Waffeleis verkauft wird",
            "es-ES": "Un puesto que vende conos de helados",
            "it-IT": "Un chiosco che vende coni gelato",
            "nl-NL": "Een kraam waar roomijs wordt verkocht.",
            "sv-SE": "Ett stånd som säljer glasstrutar",
            "ko-KR": "아이스크림 콘을 파는 가게",
            "zh-CN": "一间卖蛋角冰淇淋的店",
            "zh-TW": "一間賣蛋角冰淇淋的店",
            "pt-BR": "Uma barraca vendendo sorvetes de casquinha",
            "cs-CZ": "Stánek prodávající kornouty zmrzliny",
            "ja-JP": "アイスクリームを売る売店です",
            "pl-PL": "Stoisko sprzedające lodowe rożki",
            "ru-RU": "Палатка с мороженым",
            "eo-ZZ": "Budo vendanta glaciaĵo-konusojn",
            "ca-ES": "Estand que ven gelats amb cucurutxo.",
            "fi-FI": "Koju, joka myy jäätelötuutteja"
        }
    }
}
