{
    "id": "rct2.ride.dodg1",
    "authors": [
        "Chris Sawyer",
        "Simon Foster"
    ],
    "version": "1.0",
    "originalId": "0A188A80|DODG1   |202805C0",
    "sourceGame": [
        "rct2",
        "rct1"
    ],
    "objectType": "ride",
    "properties": {
        "type": "dodgems",
        "category": "gentle",
        "carsPerFlatRide": 12,
        "carColours": [
            [
                [
                    "bright_red",
                    "white",
                    "black"
                ]
            ],
            [
                [
                    "light_blue",
                    "white",
                    "black"
                ]
            ],
            [
                [
                    "yellow",
                    "bright_red",
                    "black"
                ]
            ],
            [
                [
                    "bright_purple",
                    "yellow",
                    "black"
                ]
            ]
        ],
        "cars": {
            "rotationFrameMask": 31,
            "spacing": 139456,
            "mass": 200,
            "numSeats": 1,
            "numSeatRows": 1,
            "poweredAcceleration": 7,
            "poweredMaxSpeed": 15,
            "drawOrder": 7,
            "frames": {
                "flat": true
            },
            "hasDodgemInUseLights": true,
            "hasAdditionalColour1": true,
            "isPowered": true,
            "useBoatHireCollisionDetection": true,
            "hasVehicleAnimation": true,
            "useDodgemCarPlacement": true,
            "loadingPositions": [
                0
            ]
        }
    },
    "images": [
        "$RCT2:OBJDATA/DODG1.DAT[0..130]"
    ],
    "strings": {
        "name": {
            "en-GB": "Dodgems",
            "en-US": "Bumper Cars",
            "fr-FR": "Autos tamponneuses",
            "de-DE": "Autoscooter",
            "es-ES": "Coches de choque",
            "it-IT": "Auto-scontro",
            "nl-NL": "Botsauto’s",
            "sv-SE": "Radiobilar",
            "ko-KR": "범퍼카",
            "zh-CN": "电动碰碰车",
            "zh-TW": "碰碰車",
            "pt-BR": "Bate-bate",
            "cs-CZ": "Autodrom",
            "ja-JP": "ダージャムズ",
            "nb-NO": "Radiobiler",
            "pl-PL": "Unikajki",
            "ru-RU": "Кар",
            "eo-ZZ": "Doĝemoj",
            "ca-ES": "Cotxes de xoc",
            "fi-FI": "Törmäysautot"
        },
        "description": {
            "en-GB": "Riders bump into each other in self-drive electric dodgems",
            "en-US": "Riders bump into each other in self-driven electric bumper cars",
            "fr-FR": "Autos tamponneuses électriques",
            "de-DE": "Die Fahrer kollidieren miteinander in selbstgesteuerten elektrischen Wagen",
            "es-ES": "Coches de choque eléctricos autopropulsados",
            "it-IT": "Auto da scontro elettriche guidate dal visitatore",
            "nl-NL": "Elektrische wagentjes die de passagiers zelf besturen.",
            "sv-SE": "Passagerare kör omkring och krockar i varandra med eldrivna radiobilar",
            "ko-KR": "스스로 운전하는 전기 범퍼카 차량",
            "zh-CN": "每一位乘客开一辆电动碰碰车",
            "zh-TW": "自助駕駛的電力碰碰車",
            "pt-BR": "Passageiros batem uns nos outros carros bate-bate elétricos pilotáveis",
            "cs-CZ": "Autodrom s elektrickými autíčky",
            "ja-JP": "乗客が運転する、電動のバンパーカーです",
            "pl-PL": "Samochodziki z napędem elektrycznym",
            "ru-RU": "Электромобильчики",
            "eo-ZZ": "Rajdantoj albatiĝas al unu la alian per elektraj doĝemoj",
            "ca-ES": "Els passatgers condueixen cotxes de xoc elèctrics i xoquen entre ells.",
            "fi-FI": "Kävijät törmäävät toisiinsa ajamissaan sähköautoissa"
        },
        "capacity": {
            "en-GB": "1 person per car",
            "fr-FR": "1 personne par voiture",
            "de-DE": "1 Person pro Wagen",
            "es-ES": "1 persona por vagón",
            "it-IT": "1 persona per auto",
            "nl-NL": "1 passagier per botsauto",
            "sv-SE": "1 person per bil",
            "ko-KR": "차량당 1명의 손님",
            "zh-CN": "1位乘客/车",
            "zh-TW": "每車輛1位乘客",
            "pt-BR": "1 pessoa por carro",
            "cs-CZ": "1 místo v každém voze",
            "ja-JP": "各車両1名",
            "pl-PL": "1 osoba na samochód",
            "ru-RU": "1 чел.",
            "eo-ZZ": "Po 1 ulo por ĉaro",
            "ca-ES": "1 persona per cotxe",
            "fi-FI": "1 matkustaja per auto"
        }
    }
}
