{
    "id": "rct2.ride.hchoc",
    "authors": [
        "Chris Sawyer",
        "Simon Foster"
    ],
    "version": "1.0",
    "originalId": "0A188A80|HCHOC   |41EF07E7",
    "sourceGame": "rct2",
    "objectType": "ride",
    "properties": {
        "type": "drink_stall",
        "category": "stall",
        "clearance": 32,
        "sells": "chocolate",
        "disablePainting": true,
        "carsPerFlatRide": 1,
        "carColours": [
            [
                [
                    "black",
                    "black",
                    "black"
                ]
            ]
        ]
    },
    "images": [
        "$RCT2:OBJDATA/HCHOC.DAT[0..6]"
    ],
    "strings": {
        "name": {
            "en-GB": "Hot Chocolate Stall",
            "fr-FR": "Chocolat chaud",
            "de-DE": "Heiße-Schokolade-Stand",
            "es-ES": "Puesto de chocolate caliente",
            "it-IT": "Chiosco della cioccolata calda",
            "nl-NL": "Warmechocolademelkkraam",
            "sv-SE": "Varm choklad-stånd",
            "ko-KR": "핫초코 가게",
            "zh-CN": "热巧克力店",
            "zh-TW": "熱巧克力店",
            "pt-BR": "Barraca de Chocolate Quente",
            "cs-CZ": "Stánek s horkou čokoládou",
            "ja-JP": "ホットココア・ショップ",
            "pl-PL": "Stragan z grzaną czekoladą",
            "ru-RU": "Горячий шоколад",
            "eo-ZZ": "Varma-Ĉokolado-Budo",
            "ca-ES": "Estand de xocolata calenta",
            "fi-FI": "Kaakaokoju"
        },
        "description": {
            "en-GB": "A stall selling hot chocolate drinks",
            "fr-FR": "Boutique vendant des chocolats chauds",
            "de-DE": "Ein Stand, an dem heiße Schokolade verkauft wird",
            "es-ES": "Puesto que vende chocolate caliente",
            "it-IT": "Un chiosco che vende cioccolate calde",
            "nl-NL": "Een kraam waar warme chocolademelk wordt verkocht.",
            "sv-SE": "Ett stånd som säljer varma chokladdrycker",
            "ko-KR": "핫초코 음료를 파는 가게",
            "zh-CN": "一家卖热巧克力饮料的店",
            "zh-TW": "一家賣熱巧克力飲料的店",
            "pt-BR": "Uma barraca vendendo copos de chocolate quente",
            "cs-CZ": "Stánek prodávající horkou čokoládu",
            "ja-JP": "ホットチョコレートを売る売店です",
            "pl-PL": "Stragan z czekoladą do picia.",
            "ru-RU": "Палатка с горячим шоколадом",
            "eo-ZZ": "Budo vendanta varmĉokolado-trinkaĵojn",
            "ca-ES": "Un estand que ven xocolata calenta.",
            "fi-FI": "Koju, joka myy kaakaojuomia"
        }
    }
}
