{
    "id": "rct2.ride.starfrdr",
    "authors": [
        "Chris Sawyer",
        "Simon Foster"
    ],
    "version": "1.0",
    "originalId": "0A188B80|STARFRDR|2FB4B79C",
    "sourceGame": "rct2",
    "objectType": "ride",
    "properties": {
        "type": "drink_stall",
        "category": "stall",
        "clearance": 56,
        "sells": "fruit_juice",
        "disablePainting": true,
        "carsPerFlatRide": 1,
        "carColours": [
            [
                [
                    "black",
                    "black",
                    "black"
                ]
            ]
        ]
    },
    "images": [
        "$RCT2:OBJDATA/STARFRDR.DAT[0..6]"
    ],
    "strings": {
        "name": {
            "en-GB": "Star Fruit Drink Stall",
            "fr-FR": "Fruitier",
            "de-DE": "Fruchtsaft-Stand",
            "es-ES": "Puesto de bebidas de frutas",
            "it-IT": "Chiosco dei succhi di frutta",
            "nl-NL": "Vruchtendrankkraam",
            "sv-SE": "Stjärnfruktsdrycksstånd",
            "ko-KR": "스타프루트 음료 가게",
            "zh-CN": "杨桃汁店",
            "zh-TW": "楊桃汁店",
            "pt-BR": "Barraca de Sucos de Frutas",
            "cs-CZ": "Stánek s džusy",
            "ja-JP": "スターフルーツ・ショップ",
            "pl-PL": "Kiosk z gwiezdnymi napojami",
            "ru-RU": "Фруктовые напитки",
            "eo-ZZ": "Stelfrukto-Trinkaĵbudo",
            "ca-ES": "Estand de begudes de fruita d’estrella",
            "fi-FI": "Karambolajuomakoju"
        },
        "description": {
            "en-GB": "A stall selling star fruit drinks",
            "fr-FR": "Boutique vendant des jus de fruits",
            "de-DE": "Ein Stand, an dem Fruchtsaftgetränke verkauft werden",
            "es-ES": "Puesto que vende bebidas de frutas",
            "it-IT": "Un chiosco che vende succhi di frutta",
            "nl-NL": "Een kraam waar vruchtendrankjes worden verkocht.",
            "sv-SE": "Ett stånd som säljer stjärnfruktsdrycker",
            "ko-KR": "스타푸르트 음료를 파는 가게",
            "zh-CN": "一家卖杨桃汁饮料的店",
            "zh-TW": "一家賣楊桃汁飲料的店",
            "pt-BR": "Uma barraca vendendo sucos de frutas",
            "cs-CZ": "Stánek prodávající ovocné nápoje",
            "ja-JP": "スターフルーツの飲み物を売る売店です",
            "pl-PL": "Stoisko sprzedające gwiezdne napoje owocowe",
            "ru-RU": "Палатка фруктовых напитков",
            "eo-ZZ": "Budo vendanta stelfrukto-trinkaĵojn",
            "ca-ES": "Un estand en el qual es venen begudes de fruita d’estrella.",
            "fi-FI": "Koju, joka myy karambolajuomia"
        }
    }
}
