{
    "id": "rct2.ride.mft",
    "authors": [
        "Chris Sawyer",
        "Simon Foster"
    ],
    "version": "1.0",
    "originalId": "0A188B80|MFT     |52488B03",
    "sourceGame": [
        "rct2",
        "rct1aa"
    ],
    "objectType": "ride",
    "properties": {
        "type": "wooden_rc",
        "category": "rollercoaster",
        "minCarsPerTrain": 6,
        "maxCarsPerTrain": 12,
        "defaultCar": 1,
        "headCars": 0,
        "ratingMultipler": {
            "excitement": 4,
            "nausea": 2
        },
        "carColours": [
            [
                [
                    "dark_green",
                    "bordeaux_red",
                    "black"
                ]
            ],
            [
                [
                    "bordeaux_red",
                    "dark_brown",
                    "yellow"
                ]
            ],
            [
                [
                    "dark_brown",
                    "black",
                    "bordeaux_red"
                ]
            ]
        ],
        "cars": [
            {
                "rotationFrameMask": 31,
                "spacing": 174320,
                "mass": 350,
                "numSeats": 2,
                "numSeatRows": 1,
                "frictionSoundId": 54,
                "soundRange": 2,
                "effectVisual": 10,
                "drawOrder": 6,
                "frames": {
                    "flat": true,
                    "gentleSlopes": true,
                    "steepSlopes": true,
                    "verticalSlopes": true,
                    "diagonalSlopes": true,
                    "flatBanked": true,
                    "flatToGentleSlopeBankedTransitions": true,
                    "diagonalGentleSlopeBankedTransitions": true,
                    "gentleSlopeBankedTransitions": true,
                    "gentleSlopeBankedTurns": true,
                    "flatToGentleSlopeWhileBankedTransitions": true,
                    "restraintAnimation": true
                },
                "hasAdditionalColour2": true,
                "hasAdditionalColour1": true,
                "hasScreamingRiders": true,
                "loadingPositions": [
                    5,
                    3,
                    -7,
                    -9
                ]
            },
            {
                "rotationFrameMask": 31,
                "spacing": 122024,
                "mass": 290,
                "numSeats": 2,
                "numSeatRows": 1,
                "frictionSoundId": 54,
                "soundRange": 1,
                "drawOrder": 8,
                "frames": {
                    "flat": true,
                    "gentleSlopes": true,
                    "steepSlopes": true,
                    "verticalSlopes": true,
                    "diagonalSlopes": true,
                    "flatBanked": true,
                    "flatToGentleSlopeBankedTransitions": true,
                    "diagonalGentleSlopeBankedTransitions": true,
                    "gentleSlopeBankedTransitions": true,
                    "gentleSlopeBankedTurns": true,
                    "flatToGentleSlopeWhileBankedTransitions": true,
                    "restraintAnimation": true
                },
                "hasAdditionalColour2": true,
                "hasAdditionalColour1": true,
                "hasScreamingRiders": true,
                "loadingPositions": [
                    7,
                    9,
                    -3,
                    -1
                ]
            }
        ],
        "buildMenuPriority": 3
    },
    "images": [
        "$RCT2:OBJDATA/MFT.DAT[1]",
        "",
        "",
        "$RCT2:OBJDATA/MFT.DAT[3..2882]"
    ],
    "strings": {
        "name": {
            "en-GB": "Articulated Roller Coaster Trains",
            "fr-FR": "Trains articulés",
            "de-DE": "Gelenkverbundene Züge",
            "es-ES": "Tren Montaña Rusa Articulado",
            "it-IT": "Treni da ottovolante articolati",
            "nl-NL": "Gelede achtbaantrein",
            "sv-SE": "Ledvagnar",
            "ko-KR": "연결식 롤러코스터 차량",
            "zh-CN": "绞接式的过山车",
            "zh-TW": "絞接式的雲霄飛車",
            "pt-BR": "Trens de Montanha-russa Articulados",
            "cs-CZ": "Horská dráha s malými vozy",
            "ja-JP": "接合式ローラーコースター列車",
            "pl-PL": "Segmentowa kolejka górska",
            "ru-RU": "Сочленённые поезда",
            "eo-ZZ": "Artikaj Trajnoj de Onda Fervojo",
            "ca-ES": "Trens articulats per a muntanyes russes",
            "fi-FI": "Nivelletyt vuoristoratavaunut"
        },
        "description": {
            "en-GB": "Roller coaster trains with short single-row cars and open fronts",
            "fr-FR": "Trains composés de voitures de petite taille disposées en une seule rangée et dévalant des montagnes russes",
            "de-DE": "Achterbahnzüge mit kurzen einreihigen Wagen und offenen Fronten",
            "es-ES": "Montaña rusa con pequeños vagones en una única fila",
            "it-IT": "Treni da ottovolante con piccole carrozze a unica fila aperte sul davanti",
            "nl-NL": "Achtbaantrein met korte karretjes van één rij en een open voorkant.",
            "sv-SE": "Korta enkelradsvagnar med öppen front",
            "ko-KR": "하나의 열로 된 짧은 차량과 개방된 전면부를 가진 롤러코스터 차량",
            "zh-CN": "过山车以短截单排列车及前面开放型的",
            "zh-TW": "雲霄飛車以前面開放型的短截單排列車為主",
            "pt-BR": "Trens de montanha-russa com carros curtos de fila única e frente aberta",
            "cs-CZ": "Horská dráha s dvoumístnými vozy bez předků",
            "ja-JP": "前の空いた短い車両のローラーコースターです",
            "pl-PL": "Kolejka z krótkimi pojedynczymi wagonikami z otwartym przodem",
            "ru-RU": "Поезда для горок с короткими вагончиками",
            "eo-ZZ": "Trajnoj de onda fervojo, kiuj havas kaj mallongajn ĉarojn kun unu vico kaj subĉielajn frontojn",
            "ca-ES": "Trens per a muntanyes russes amb cotxes curts d’una sola fila i part frontal oberta.",
            "fi-FI": "Vuoristoratajunat joissa lyhyet yksiriviset avoseinäiset vaunut"
        },
        "capacity": {
            "en-GB": "2 passengers per car",
            "fr-FR": "2 passagers par voiture",
            "de-DE": "2 Fahrgäste pro Wagen",
            "es-ES": "2 pasajeros por vagón",
            "it-IT": "2 passeggeri a carrozza",
            "nl-NL": "2 passagiers per karretje",
            "sv-SE": "2 passagerare per vagn",
            "ko-KR": "차량당 2명의 승객",
            "zh-CN": "2位乘客/车",
            "zh-TW": "2位乘客/每個車廂",
            "pt-BR": "2 passageiros por carro",
            "cs-CZ": "2 místa v každém vozu",
            "ja-JP": "各車両2名",
            "pl-PL": "2 pasażerów na wagonik",
            "ru-RU": "2 пассажира",
            "eo-ZZ": "Po 2 pasaĝeroj por ĉaro",
            "ca-ES": "2 passatgers per cotxe",
            "fi-FI": "2 matkustajaa per vaunu"
        }
    }
}
