{
    "id": "rct2.ride.topsp1",
    "authors": [
        "Chris Sawyer",
        "Simon Foster"
    ],
    "version": "1.0",
    "originalId": "0A188B80|TOPSP1  |99EDA9D5",
    "sourceGame": [
        "rct2",
        "rct1"
    ],
    "objectType": "ride",
    "properties": {
        "type": "top_spin",
        "category": "thrill",
        "carsPerFlatRide": 1,
        "carColours": [
            [
                [
                    "black",
                    "bright_red",
                    "black"
                ]
            ],
            [
                [
                    "black",
                    "yellow",
                    "black"
                ]
            ]
        ],
        "cars": {
            "rotationFrameMask": 15,
            "spacing": 139456,
            "mass": 3000,
            "numSeats": 8,
            "spriteWidth": 63,
            "spriteHeightNegative": 128,
            "spriteHeightPositive": 28,
            "carVisual": 1,
            "drawOrder": 6,
            "frames": {
                "flat": true
            },
            "recalculateSpriteBounds": true,
            "hasAdditionalColour1": true,
            "numSegments": 0,
            "loadingWaypoints": [
                [
                    [
                        40,
                        40
                    ],
                    [
                        -40,
                        40
                    ],
                    [
                        -16,
                        0
                    ]
                ],
                [
                    [
                        -40,
                        -40
                    ],
                    [
                        -16,
                        0
                    ],
                    [
                        -16,
                        0
                    ]
                ],
                [
                    [
                        -16,
                        0
                    ],
                    [
                        -16,
                        0
                    ],
                    [
                        -16,
                        0
                    ]
                ],
                [
                    [
                        -40,
                        40
                    ],
                    [
                        -16,
                        0
                    ],
                    [
                        -16,
                        0
                    ]
                ],
                [
                    [
                        40,
                        40
                    ],
                    [
                        0,
                        12
                    ],
                    [
                        0,
                        12
                    ]
                ],
                [
                    [
                        40,
                        -40
                    ],
                    [
                        40,
                        40
                    ],
                    [
                        0,
                        12
                    ]
                ],
                [
                    [
                        -40,
                        40
                    ],
                    [
                        0,
                        12
                    ],
                    [
                        0,
                        12
                    ]
                ],
                [
                    [
                        0,
                        12
                    ],
                    [
                        0,
                        12
                    ],
                    [
                        0,
                        12
                    ]
                ],
                [
                    [
                        12,
                        0
                    ],
                    [
                        12,
                        0
                    ],
                    [
                        12,
                        0
                    ]
                ],
                [
                    [
                        40,
                        -40
                    ],
                    [
                        12,
                        0
                    ],
                    [
                        12,
                        0
                    ]
                ],
                [
                    [
                        -40,
                        -40
                    ],
                    [
                        40,
                        -40
                    ],
                    [
                        12,
                        0
                    ]
                ],
                [
                    [
                        40,
                        40
                    ],
                    [
                        12,
                        0
                    ],
                    [
                        12,
                        0
                    ]
                ],
                [
                    [
                        40,
                        -40
                    ],
                    [
                        0,
                        -16
                    ],
                    [
                        0,
                        -16
                    ]
                ],
                [
                    [
                        0,
                        -16
                    ],
                    [
                        0,
                        -16
                    ],
                    [
                        0,
                        -16
                    ]
                ],
                [
                    [
                        -40,
                        -40
                    ],
                    [
                        0,
                        -16
                    ],
                    [
                        0,
                        -16
                    ]
                ],
                [
                    [
                        -40,
                        40
                    ],
                    [
                        -40,
                        -40
                    ],
                    [
                        0,
                        -16
                    ]
                ]
            ]
        }
    },
    "images": [
        "$RCT2:OBJDATA/TOPSP1.DAT[0..578]"
    ],
    "strings": {
        "name": {
            "en-GB": "Top Spin",
            "fr-FR": "Méga Vrille",
            "it-IT": "Sottosopra",
            "ko-KR": "톱 스핀",
            "zh-CN": "上空旋转",
            "zh-TW": "上空旋轉",
            "ar-EG": "اللفة العالية",
            "ca-ES": "Top Spin",
            "cs-CZ": "Top Spin",
            "ja-JP": "トップスピン",
            "nb-NO": "Topp spinn",
            "nl-NL": "Topspin",
            "pl-PL": "Wirówka",
            "pt-BR": "Top Spin",
            "ru-RU": "Топ Спин",
            "eo-ZZ": "Tuniĝanta Gondolo",
            "fi-FI": "Kieputin"
        },
        "description": {
            "en-GB": "Passengers ride in a gondola suspended by large rotating arms, rotating forwards and backwards head-over-heels",
            "fr-FR": "Nacelle suspendue à de grands bras rotatifs tournant en avant et en arrière, et plaçant les passagers tête en bas",
            "de-DE": "Die Passagiere sitzen in einer Gondel, die an großen sich drehenden Armen hängt und sich vorwärts und rückwärts überkopf dreht",
            "es-ES": "Los pasajeros montan en góndolas suspendidas por largos brazos que rotan hacia delante y hacia atrás",
            "it-IT": "I passeggeri, seduti su una gondola sospesa tenuta da due grandi bracci rotanti, ruotano capovolti in avanti e all’indietro",
            "nl-NL": "Passagiers zitten in een gondel die is opgehangen aan grote roterende armen, en worden halsoverkop vooruit en achteruit gedraaid.",
            "sv-SE": "Passagerare åker i en gondol upphängd mellan stora roterande armar, och snurras framåt och bakåt hals över huvud",
            "ko-KR": "대형 회전 팔 구조에 매달려있고 앞뒤로 공중제비를 도는 곤돌라에 탑승하는 놀이기구",
            "zh-CN": "乘客搭乘着悬挂式小船由大型旋臂,旋转向前及向後运作",
            "zh-TW": "乘客搭乘著懸掛式小船由大型旋臂,旋轉向前及向後運作",
            "pt-BR": "Passageiros brincam numa gôndola suspensa por grandes braços rotatórios, rodando de pernas para o ar para frente e para trás",
            "ca-ES": "Les cabines on estan els passatgers pengen de braços que dirigeixen les cabines girant-les, balancejant-les i movent-les cap endavant i cap enrere.",
            "cs-CZ": "Návštěvníci sedí v gondole zavěšené na podpěrách, otáčející se dopředu a dozadu vzhůru nohama",
            "ja-JP": "大きな回転するアームからぶら下がったゴンドラが前後・上下に回転する乗物です",
            "pl-PL": "Pasażerowie podróżują w gondoli zawieszonej na wielkich obrotowych ramionach, która może huśtać się w przód i w tył, a także do góry nogami",
            "ru-RU": "Пассажиры едут в гондоле, подвешенной на большом рычаге, раскачивающемся вперед-назад.",
            "eo-ZZ": "Pasaĝeroj rajdas en gondolo, pendita per grandaj turniĝantaj brakoj, kaj turniĝas antaŭen kaj malantaŭen renversite",
            "fi-FI": "Matkustajat istuvat suurien pyörivien puomien päähän kiinnitetyssä gondolassa, pyörien edestakaisin ja ylösalaisin"
        },
        "capacity": {
            "en-GB": "8 passengers",
            "fr-FR": "8 passagers",
            "de-DE": "8 Fahrgäste",
            "es-ES": "8 pasajeros",
            "it-IT": "8 passeggeri",
            "nl-NL": "8 passagiers",
            "sv-SE": "8 passagerare",
            "ko-KR": "승객 8명",
            "zh-CN": "8位乘客",
            "zh-TW": "8 位乘客",
            "pt-BR": "8 passageiros",
            "ar-EG": "8 راكبين",
            "ca-ES": "8 passatgers",
            "cs-CZ": "8 návštěvníků",
            "ja-JP": "定員8名",
            "pl-PL": "8 pasażerów",
            "ru-RU": "8 пассажиров",
            "eo-ZZ": "8 pasaĝeroj",
            "fi-FI": "8 matkustajaa"
        }
    }
}
