{
    "id": "rct2.ride.wmmine",
    "authors": [
        "Chris Sawyer",
        "Simon Foster"
    ],
    "version": "1.0",
    "originalId": "0A188C80|WMMINE  |F15E8338",
    "sourceGame": [
        "rct2",
        "rct1"
    ],
    "objectType": "ride",
    "properties": {
        "type": "wooden_wild_mouse",
        "category": "rollercoaster",
        "minCarsPerTrain": 3,
        "maxCarsPerTrain": 4,
        "numEmptyCars": 2,
        "tabCar": 1,
        "headCars": 1,
        "tailCars": 1,
        "ratingMultipler": {
            "intensity": 3
        },
        "carColours": [
            [
                [
                    "saturated_brown",
                    "saturated_brown",
                    "black"
                ]
            ],
            [
                [
                    "bordeaux_red",
                    "bordeaux_red",
                    "black"
                ]
            ],
            [
                [
                    "black",
                    "black",
                    "black"
                ]
            ]
        ],
        "cars": [
            {
                "rotationFrameMask": 31,
                "spacing": 183036,
                "mass": 300,
                "numSeats": 2,
                "numSeatRows": 1,
                "frictionSoundId": 1,
                "soundRange": 0,
                "drawOrder": 6,
                "frames": {
                    "flat": true,
                    "gentleSlopes": true,
                    "steepSlopes": true
                },
                "hasAdditionalColour2": true,
                "hasSwinging": true,
                "hasScreamingRiders": true,
                "useWoodenWildMouseSwing": true,
                "loadingPositions": [
                    4,
                    -4
                ]
            },
            {
                "rotationFrameMask": 0,
                "spacing": 34864,
                "frictionSoundId": 1,
                "soundRange": 0,
                "carVisual": 1,
                "drawOrder": 8,
                "spriteGroups": {
                    "slopeFlat": 1
                },
                "hasScreamingRiders": true
            }
        ],
        "buildMenuPriority": 1
    },
    "images": [
        "$RCT2:OBJDATA/WMMINE.DAT[0..1106]",
        ""
    ],
    "strings": {
        "name": {
            "en-GB": "Mine Cars",
            "fr-FR": "Mine de bois",
            "de-DE": "Minenwagen",
            "es-ES": "Mina Loca de Madera",
            "it-IT": "Corsa folle in miniera",
            "nl-NL": "Mijnkarretjes",
            "sv-SE": "Gruvvagnar",
            "ko-KR": "우든 와일드 광산 차량",
            "zh-CN": "木制狂放矿坑列车",
            "zh-TW": "木製狂放礦坑列車",
            "pt-BR": "Carros de Mina",
            "cs-CZ": "Divoká důlní jízda",
            "ja-JP": "木造ワイルドマイン",
            "pl-PL": "Zwariowana kopalnia",
            "ru-RU": "Деревянная Шахта",
            "eo-ZZ": "Minĉaroj",
            "ca-ES": "Tren de la mina",
            "fi-FI": "Kaivosvaunut"
        },
        "description": {
            "en-GB": "Cars shaped like an old mine cart",
            "fr-FR": "De tous petits wagons de mine dévalent une voie en zigzag composée de virages en épingle à cheveux et de chutes vicieuses",
            "de-DE": "Wagen, die wie alte Minenloren geformt sind",
            "es-ES": "Mini camiones que corren sobre una pista de madera",
            "it-IT": "Carrelli da miniera sfrecciano lungo un percorso di legno a zig-zag, inclinandosi precariamente nelle curve a U e nelle spericolate discese",
            "nl-NL": "Kleine mijnkarretjes.",
            "sv-SE": "Vagnar utformade som gammeldags gruvvagnar",
            "ko-KR": "지그재그 모양의 나무 트랙을 달리면서 급격한 커브와 낙하를 통과하면 트랙을 벗어날 듯 위태롭게 기울어지는 작은 광산 트럭.",
            "zh-CN": "极小的矿坑列车在急转弯的木架轨道上运行,使它不安全的倾斜并U型回转及瞬间坠下的恐怖感",
            "zh-TW": "極小的礦坑列車在急轉彎的木架軌道上運行,使它不安全的傾斜並U型回轉及瞬間墜下的恐怖感",
            "pt-BR": "Carros moldados como um carro antigo de mina",
            "cs-CZ": "Horská dráha s vozy, které připomínají klasické důlní vozy",
            "ja-JP": "小さなトロッコが木製のコースをジグザグに走り、危なっかしくヘアピンを曲がったり急降下したりするスリリングな乗物です",
            "pl-PL": "Małe wózki kopalniane jadące po zygzakowatym drewnianym torze, przechylające się na ostrych zakrętach i zdradliwych zjazdach",
            "ru-RU": "Маленькие вагонетки едут по зигзагообразному деревянному треку.",
            "eo-ZZ": "Ĉaroj formitaj kiel malnova minĉaro",
            "ca-ES": "Cotxes en forma de vagoneta antiga.",
            "fi-FI": "Vanhan kaivoskärryn muotoiset vaunut"
        },
        "capacity": {
            "en-GB": "2 passengers per car",
            "fr-FR": "2 passagers par voiture",
            "de-DE": "2 Fahrgäste pro Wagen",
            "es-ES": "2 pasajeros por camión",
            "it-IT": "2 passeggeri a carrozza",
            "nl-NL": "2 passagiers per karretje",
            "sv-SE": "2 passagerare per vagn",
            "ko-KR": "차량당 2명의 승객",
            "zh-CN": "2位乘客/车",
            "zh-TW": "2 位乘客/每個車廂",
            "pt-BR": "2 passageiros por carro",
            "cs-CZ": "2 místa v každém vozu",
            "ja-JP": "各車両2名",
            "pl-PL": "2 pasażerów na wagonik",
            "ru-RU": "2 пассажира",
            "eo-ZZ": "Po 2 pasaĝeroj por ĉaro",
            "ca-ES": "2 passatgers per cotxe",
            "fi-FI": "2 matkustajaa per vaunu"
        }
    }
}
