{
    "id": "rct2.ride.bmvd",
    "authors": [
        "Chris Sawyer",
        "Simon Foster"
    ],
    "version": "1.0",
    "originalId": "0A188A80|BMVD    |2652B6A8",
    "sourceGame": [
        "rct2",
        "rct1"
    ],
    "objectType": "ride",
    "properties": {
        "type": "vertical_drop_rc",
        "category": "rollercoaster",
        "limitAirTimeBonus": true,
        "maxCarsPerTrain": 3,
        "carColours": [
            [
                [
                    "black",
                    "light_orange",
                    "light_orange"
                ]
            ],
            [
                [
                    "light_purple",
                    "bright_red",
                    "black"
                ]
            ]
        ],
        "cars": {
            "rotationFrameMask": 31,
            "spacing": 156888,
            "mass": 2000,
            "numSeats": 6,
            "numSeatRows": 3,
            "frictionSoundId": 57,
            "soundRange": 0,
            "drawOrder": 7,
            "frames": {
                "flat": true,
                "gentleSlopes": true,
                "steepSlopes": true,
                "verticalSlopes": true,
                "diagonalSlopes": true,
                "flatBanked": true,
                "flatToGentleSlopeBankedTransitions": true,
                "diagonalGentleSlopeBankedTransitions": true,
                "gentleSlopeBankedTransitions": true,
                "gentleSlopeBankedTurns": true,
                "flatToGentleSlopeWhileBankedTransitions": true,
                "restraintAnimation": true
            },
            "hasAdditionalColour2": true,
            "hasAdditionalColour1": true,
            "hasScreamingRiders": true,
            "loadingPositions": [
                3,
                -3,
                3,
                -3,
                3,
                -3
            ]
        },
        "buildMenuPriority": 1
    },
    "images": [
        "$RCT2:OBJDATA/BMVD.DAT[0..2882]"
    ],
    "strings": {
        "name": {
            "en-GB": "Six-seater Twister Trains",
            "fr-FR": "Montagnes russes en chute vert.",
            "de-DE": "6-Sitzer-Twister-Züge",
            "es-ES": "Montaña Rusa Caída Vertical",
            "it-IT": "Ottovolante a caduta verticale",
            "nl-NL": "Trein voor verticale achtbaan",
            "sv-SE": "Sexsitsiga twistervagnar",
            "ko-KR": "6인승 트위스터 차량",
            "zh-CN": "自由落体过山车",
            "zh-TW": "自由落體雲霄飛車",
            "pt-BR": "Trens Tornado (6 assentos)",
            "cs-CZ": "Šestimístná zakroucená horská dráha",
            "ja-JP": "バーティカル・ドロップ・ジェットコースター",
            "pl-PL": "Pionospadajka",
            "ru-RU": "Вертикальные горки",
            "eo-ZZ": "Tvisto-Trajnoj kun Ses Seĝoj",
            "ca-ES": "Caiguda vertical de sis seients",
            "fi-FI": "Kuusipaikkaiset kiehkuravaunut"
        },
        "description": {
            "en-GB": "Roller coaster trains with extra-wide cars, built for vertical drops",
            "fr-FR": "Des voitures très larges descendent des voies en pente verticale. Pour amateurs de chute libre",
            "de-DE": "Achterbahnzüge mit besonders breiten Wagen, für vertikale Gefälle ausgelegt",
            "es-ES": "Vagones superanchos descienden completamente verticales para una experiencia definitiva",
            "it-IT": "Carrozze larghissime scendono giù per un tracciato completamente in verticale per offrire l’esperienza di caduta libera definitiva per quel che riguarda un ottovolante",
            "nl-NL": "Extra brede karretjes rijden over een compleet verticale baan voor de ultieme vrijevalbeleving.",
            "sv-SE": "Extra breda berg- och dalbanevagnar byggda för vertikala stup",
            "ko-KR": "자유 낙하의 극한 경험을 선사하기 위해 완전히 수직 경사 트랙을 따라 하강하는 아주 폭이 넓은 차량",
            "zh-CN": "完全延着垂直斜度轨道落下的附加大型列车体验由顶点自由落下的快感",
            "zh-TW": "完全延著垂直斜度軌道落下的附加大型列車體驗由頂點自由落下的快感",
            "pt-BR": "Trens de montanha-russa extralargos feitos para queda livre",
            "cs-CZ": "Extra-široké vozy letí dolů po zcela kolmé dráze a poskytují tím pocit volného pádu",
            "ja-JP": "超幅広の車両が垂直に切り立ったコースを降下する、究極のフリーフォール体験ができるコースターです",
            "pl-PL": "Bardzo szerokie wagoniki zjeżdżają po całkowicie pionowym torze, zapewniając pasażerom jedyne w swoim rodzaju wrażenie swobodnego spadania",
            "ru-RU": "Широкие вагончики падают по вертикальному треку.",
            "eo-ZZ": "Trajnoj de onda fervojo kun ekstra-larĝaj ĉaroj, konstruitaj por vertikalaj faloj",
            "ca-ES": "Muntanya russa amb trens amb cotxes amples amb caigudes verticals.",
            "fi-FI": "Ekstraleveät pystysuoriin pudotuksiin suunnitellut vuoristoratavaunut"
        },
        "capacity": {
            "en-GB": "6 passengers per car",
            "fr-FR": "6 passagers par voiture",
            "de-DE": "6 Fahrgäste pro Wagen",
            "es-ES": "6 pasajeros por vagón",
            "it-IT": "6 passeggeri a carrozza",
            "nl-NL": "6 passagiers per karretje",
            "sv-SE": "6 passagerare per vagn",
            "ko-KR": "차량당 6명의 승객",
            "zh-CN": "6位乘客/车",
            "zh-TW": "6 位乘客/每個車廂",
            "pt-BR": "6 passageiros por carro",
            "cs-CZ": "4 místa v každém voze",
            "ja-JP": "各車両6名",
            "pl-PL": "6 pasażerów na wagonik",
            "ru-RU": "6 пассажиров",
            "eo-ZZ": "Po 6 pasaĝeroj por ĉaro",
            "ca-ES": "6 passatgers per cotxe",
            "fi-FI": "6 matkustajaa per vaunu"
        }
    }
}
