{
    "id": "rct2.ride.twist2",
    "authors": [
        "Chris Sawyer",
        "Simon Foster"
    ],
    "version": "1.0",
    "originalId": "0A188B80|TWIST2  |028354E6",
    "sourceGame": "rct2",
    "objectType": "ride",
    "properties": {
        "type": "twist",
        "category": "thrill",
        "tabScale": 0.5,
        "rotationMode": 1,
        "carsPerFlatRide": 1,
        "carColours": [
            [
                [
                    "light_blue",
                    "white",
                    "black"
                ]
            ],
            [
                [
                    "bright_red",
                    "white",
                    "black"
                ]
            ],
            [
                [
                    "yellow",
                    "white",
                    "black"
                ]
            ]
        ],
        "cars": {
            "spacing": 139456,
            "mass": 200,
            "tabOffset": -12,
            "numSeats": 18,
            "spriteWidth": 65,
            "spriteHeightNegative": 78,
            "spriteHeightPositive": 36,
            "carVisual": 1,
            "drawOrder": 6,
            "frames": {
                "flat": true
            },
            "recalculateSpriteBounds": true,
            "hasAdditionalColour1": true,
            "numSegments": 4,
            "loadingWaypoints": [
                [
                    [
                        43,
                        43
                    ],
                    [
                        43,
                        43
                    ],
                    [
                        33,
                        33
                    ]
                ],
                [
                    [
                        43,
                        -43
                    ],
                    [
                        43,
                        43
                    ],
                    [
                        33,
                        33
                    ]
                ],
                [
                    [
                        -43,
                        43
                    ],
                    [
                        43,
                        43
                    ],
                    [
                        33,
                        33
                    ]
                ],
                [
                    [
                        43,
                        43
                    ],
                    [
                        43,
                        43
                    ],
                    [
                        33,
                        33
                    ]
                ],
                [
                    [
                        43,
                        43
                    ],
                    [
                        43,
                        43
                    ],
                    [
                        33,
                        33
                    ]
                ],
                [
                    [
                        43,
                        -43
                    ],
                    [
                        43,
                        43
                    ],
                    [
                        33,
                        33
                    ]
                ],
                [
                    [
                        -43,
                        43
                    ],
                    [
                        43,
                        43
                    ],
                    [
                        33,
                        33
                    ]
                ],
                [
                    [
                        43,
                        43
                    ],
                    [
                        43,
                        43
                    ],
                    [
                        33,
                        33
                    ]
                ],
                [
                    [
                        43,
                        -43
                    ],
                    [
                        3,
                        -42
                    ],
                    [
                        0,
                        -42
                    ]
                ],
                [
                    [
                        3,
                        -42
                    ],
                    [
                        3,
                        -42
                    ],
                    [
                        0,
                        -42
                    ]
                ],
                [
                    [
                        -43,
                        -43
                    ],
                    [
                        3,
                        -42
                    ],
                    [
                        0,
                        -42
                    ]
                ],
                [
                    [
                        43,
                        43
                    ],
                    [
                        43,
                        -43
                    ],
                    [
                        0,
                        -42
                    ]
                ],
                [
                    [
                        43,
                        -43
                    ],
                    [
                        3,
                        -42
                    ],
                    [
                        0,
                        -42
                    ]
                ],
                [
                    [
                        3,
                        -42
                    ],
                    [
                        3,
                        -42
                    ],
                    [
                        0,
                        -42
                    ]
                ],
                [
                    [
                        -43,
                        -43
                    ],
                    [
                        3,
                        -42
                    ],
                    [
                        0,
                        -42
                    ]
                ],
                [
                    [
                        43,
                        43
                    ],
                    [
                        43,
                        -43
                    ],
                    [
                        0,
                        -42
                    ]
                ],
                [
                    [
                        43,
                        -43
                    ],
                    [
                        -43,
                        -43
                    ],
                    [
                        -42,
                        0
                    ]
                ],
                [
                    [
                        -43,
                        -43
                    ],
                    [
                        -42,
                        -3
                    ],
                    [
                        -42,
                        0
                    ]
                ],
                [
                    [
                        -42,
                        -3
                    ],
                    [
                        -42,
                        -3
                    ],
                    [
                        -42,
                        0
                    ]
                ],
                [
                    [
                        -43,
                        43
                    ],
                    [
                        -42,
                        -3
                    ],
                    [
                        -42,
                        0
                    ]
                ],
                [
                    [
                        43,
                        -43
                    ],
                    [
                        -43,
                        -43
                    ],
                    [
                        -42,
                        0
                    ]
                ],
                [
                    [
                        -43,
                        -43
                    ],
                    [
                        -42,
                        -3
                    ],
                    [
                        -42,
                        0
                    ]
                ],
                [
                    [
                        -42,
                        -3
                    ],
                    [
                        -42,
                        -3
                    ],
                    [
                        -42,
                        0
                    ]
                ],
                [
                    [
                        -43,
                        43
                    ],
                    [
                        -42,
                        -3
                    ],
                    [
                        -42,
                        0
                    ]
                ],
                [
                    [
                        43,
                        43
                    ],
                    [
                        43,
                        43
                    ],
                    [
                        33,
                        33
                    ]
                ],
                [
                    [
                        43,
                        -43
                    ],
                    [
                        43,
                        43
                    ],
                    [
                        33,
                        33
                    ]
                ],
                [
                    [
                        -43,
                        43
                    ],
                    [
                        43,
                        43
                    ],
                    [
                        33,
                        33
                    ]
                ],
                [
                    [
                        43,
                        43
                    ],
                    [
                        43,
                        43
                    ],
                    [
                        33,
                        33
                    ]
                ],
                [
                    [
                        43,
                        43
                    ],
                    [
                        43,
                        43
                    ],
                    [
                        33,
                        33
                    ]
                ],
                [
                    [
                        43,
                        -43
                    ],
                    [
                        43,
                        43
                    ],
                    [
                        33,
                        33
                    ]
                ],
                [
                    [
                        -43,
                        43
                    ],
                    [
                        43,
                        43
                    ],
                    [
                        33,
                        33
                    ]
                ],
                [
                    [
                        43,
                        43
                    ],
                    [
                        43,
                        43
                    ],
                    [
                        33,
                        33
                    ]
                ],
                [
                    [
                        43,
                        -43
                    ],
                    [
                        3,
                        -42
                    ],
                    [
                        0,
                        -42
                    ]
                ],
                [
                    [
                        3,
                        -42
                    ],
                    [
                        3,
                        -42
                    ],
                    [
                        0,
                        -42
                    ]
                ],
                [
                    [
                        -43,
                        -43
                    ],
                    [
                        3,
                        -42
                    ],
                    [
                        0,
                        -42
                    ]
                ],
                [
                    [
                        43,
                        43
                    ],
                    [
                        43,
                        -43
                    ],
                    [
                        0,
                        -42
                    ]
                ],
                [
                    [
                        43,
                        -43
                    ],
                    [
                        3,
                        -42
                    ],
                    [
                        0,
                        -42
                    ]
                ],
                [
                    [
                        3,
                        -42
                    ],
                    [
                        3,
                        -42
                    ],
                    [
                        0,
                        -42
                    ]
                ],
                [
                    [
                        -43,
                        -43
                    ],
                    [
                        3,
                        -42
                    ],
                    [
                        0,
                        -42
                    ]
                ],
                [
                    [
                        43,
                        43
                    ],
                    [
                        43,
                        -43
                    ],
                    [
                        0,
                        -42
                    ]
                ],
                [
                    [
                        43,
                        -43
                    ],
                    [
                        -43,
                        -43
                    ],
                    [
                        -42,
                        0
                    ]
                ],
                [
                    [
                        -43,
                        -43
                    ],
                    [
                        -42,
                        -3
                    ],
                    [
                        -42,
                        0
                    ]
                ],
                [
                    [
                        -42,
                        -3
                    ],
                    [
                        -42,
                        -3
                    ],
                    [
                        -42,
                        0
                    ]
                ],
                [
                    [
                        -43,
                        43
                    ],
                    [
                        -42,
                        -3
                    ],
                    [
                        -42,
                        0
                    ]
                ],
                [
                    [
                        43,
                        -43
                    ],
                    [
                        -43,
                        -43
                    ],
                    [
                        -42,
                        0
                    ]
                ],
                [
                    [
                        -43,
                        -43
                    ],
                    [
                        -42,
                        -3
                    ],
                    [
                        -42,
                        0
                    ]
                ],
                [
                    [
                        -42,
                        -3
                    ],
                    [
                        -42,
                        -3
                    ],
                    [
                        -42,
                        0
                    ]
                ],
                [
                    [
                        -43,
                        43
                    ],
                    [
                        -42,
                        -3
                    ],
                    [
                        -42,
                        0
                    ]
                ],
                [
                    [
                        43,
                        43
                    ],
                    [
                        43,
                        43
                    ],
                    [
                        33,
                        33
                    ]
                ],
                [
                    [
                        43,
                        -43
                    ],
                    [
                        43,
                        43
                    ],
                    [
                        33,
                        33
                    ]
                ],
                [
                    [
                        -43,
                        43
                    ],
                    [
                        43,
                        43
                    ],
                    [
                        33,
                        33
                    ]
                ],
                [
                    [
                        43,
                        43
                    ],
                    [
                        43,
                        43
                    ],
                    [
                        33,
                        33
                    ]
                ],
                [
                    [
                        43,
                        43
                    ],
                    [
                        43,
                        43
                    ],
                    [
                        33,
                        33
                    ]
                ],
                [
                    [
                        43,
                        -43
                    ],
                    [
                        43,
                        43
                    ],
                    [
                        33,
                        33
                    ]
                ],
                [
                    [
                        -43,
                        43
                    ],
                    [
                        43,
                        43
                    ],
                    [
                        33,
                        33
                    ]
                ],
                [
                    [
                        43,
                        43
                    ],
                    [
                        43,
                        43
                    ],
                    [
                        33,
                        33
                    ]
                ],
                [
                    [
                        43,
                        -43
                    ],
                    [
                        3,
                        -42
                    ],
                    [
                        0,
                        -42
                    ]
                ],
                [
                    [
                        3,
                        -42
                    ],
                    [
                        3,
                        -42
                    ],
                    [
                        0,
                        -42
                    ]
                ],
                [
                    [
                        -43,
                        -43
                    ],
                    [
                        3,
                        -42
                    ],
                    [
                        0,
                        -42
                    ]
                ],
                [
                    [
                        43,
                        43
                    ],
                    [
                        43,
                        -43
                    ],
                    [
                        0,
                        -42
                    ]
                ],
                [
                    [
                        43,
                        -43
                    ],
                    [
                        3,
                        -42
                    ],
                    [
                        0,
                        -42
                    ]
                ],
                [
                    [
                        3,
                        -42
                    ],
                    [
                        3,
                        -42
                    ],
                    [
                        0,
                        -42
                    ]
                ],
                [
                    [
                        -43,
                        -43
                    ],
                    [
                        3,
                        -42
                    ],
                    [
                        0,
                        -42
                    ]
                ],
                [
                    [
                        43,
                        43
                    ],
                    [
                        43,
                        -43
                    ],
                    [
                        0,
                        -42
                    ]
                ],
                [
                    [
                        43,
                        -43
                    ],
                    [
                        -43,
                        -43
                    ],
                    [
                        -42,
                        0
                    ]
                ],
                [
                    [
                        -43,
                        -43
                    ],
                    [
                        -42,
                        -3
                    ],
                    [
                        -42,
                        0
                    ]
                ],
                [
                    [
                        -42,
                        -3
                    ],
                    [
                        -42,
                        -3
                    ],
                    [
                        -42,
                        0
                    ]
                ],
                [
                    [
                        -43,
                        43
                    ],
                    [
                        -42,
                        -3
                    ],
                    [
                        -42,
                        0
                    ]
                ],
                [
                    [
                        43,
                        -43
                    ],
                    [
                        -43,
                        -43
                    ],
                    [
                        -42,
                        0
                    ]
                ],
                [
                    [
                        -43,
                        -43
                    ],
                    [
                        -42,
                        -3
                    ],
                    [
                        -42,
                        0
                    ]
                ],
                [
                    [
                        -42,
                        -3
                    ],
                    [
                        -42,
                        -3
                    ],
                    [
                        -42,
                        0
                    ]
                ],
                [
                    [
                        -43,
                        43
                    ],
                    [
                        -42,
                        -3
                    ],
                    [
                        -42,
                        0
                    ]
                ]
            ]
        }
    },
    "images": [
        "$RCT2:OBJDATA/TWIST2.DAT[0..242]"
    ],
    "strings": {
        "name": {
            "en-GB": "Snow Cups",
            "fr-FR": "Tasses de glace",
            "de-DE": "Schneeschalen",
            "es-ES": "Tazas de Nieve",
            "it-IT": "Tazze di neve",
            "nl-NL": "Sneeuwkopjes",
            "sv-SE": "Snökoppar",
            "ko-KR": "스노우 컵",
            "zh-CN": "雪杯",
            "zh-TW": "雪杯",
            "pt-BR": "Girando pela Neve",
            "cs-CZ": "Sněhové kalíšky",
            "ja-JP": "雪のカップ",
            "pl-PL": "Śnieżne filiżanki",
            "ru-RU": "Снеговик",
            "eo-ZZ": "Neĝo-Tasoj",
            "ca-ES": "Tasses de neu",
            "fi-FI": "Lumikupit"
        },
        "description": {
            "en-GB": "Riders ride in pairs of seats rotating around a central snowman",
            "fr-FR": "Les passagers sont assis par deux dans des tasses tournant autour d’un bonhomme de neige central",
            "de-DE": "Die Passagiere befinden sich in Sitzpaaren, die sich um einen Schneemann in der Mitte drehen",
            "es-ES": "Los pasajeros van en pareja rotando alrededor de un muñeco de nieve central",
            "it-IT": "I passeggeri siedono in coppia su sedili che ruotano intorno a un pupazzo di neve posto al centro",
            "nl-NL": "Passagiers zitten per twee in stoelen die om een sneeuwpop heendraaien.",
            "sv-SE": "Passagerarna åker parvis i koppar som roterar kring en stor snögubbe",
            "ko-KR": "탑승객이 짝지어 좌석에 앉아 눈사람을 기준으로 빙글빙글 도는 놀이기구",
            "zh-CN": "乘客乘坐在围绕着中央雪人的成对坐位上",
            "zh-TW": "乘客乘坐在圍繞著中央雪人的成對坐位上",
            "pt-BR": "Os passageiros andam em pares de assentos girando ao redor de um homem de neve",
            "cs-CZ": "Návštěvníci sedí po dvou v kalíšcích, které se otáčejí okolo sněhuláka uprostřed",
            "ja-JP": "スノーマンが中心にいて、その周りをペアシートが回る乗物です",
            "pl-PL": "Pasażerowie jadą w parach foteli obracających się wokół centralnego bałwanka",
            "ru-RU": "Люди едут парами вокруг снеговика",
            "eo-ZZ": "Rajdantoj rajdas en paroj da seĝoj, kiuj turniĝas ĉirkaŭ centra neĝhomo",
            "ca-ES": "Els passatgers viatgen per parelles en seients que giren al voltant d’un home de neu.",
            "fi-FI": "Kävijät istuvat pareittain teematuissa istuimissa, jotka pyörivät keskeisen lumiukon ympärillä"
        },
        "capacity": {
            "en-GB": "18 passengers",
            "fr-FR": "18 passagers",
            "de-DE": "18 Fahrgäste",
            "es-ES": "18 pasajeros",
            "it-IT": "18 passeggeri",
            "nl-NL": "18 passagiers",
            "sv-SE": "18 passagerare",
            "ko-KR": "승객 18명",
            "zh-CN": "18位乘客",
            "zh-TW": "18 位乘客",
            "pt-BR": "18 passageiros",
            "cs-CZ": "18 návštěvníků",
            "ja-JP": "定員18名",
            "pl-PL": "18 pasażerów",
            "ru-RU": "18 пассажиров",
            "eo-ZZ": "18 pasaĝeroj",
            "ca-ES": "18 passatgers",
            "fi-FI": "18 matkustajaa"
        }
    }
}
