{
    "id": "rct2.ride.cstboat",
    "authors": [
        "Chris Sawyer",
        "Simon Foster"
    ],
    "version": "1.0",
    "originalId": "0A188A80|CSTBOAT |4B7F9741",
    "sourceGame": [
        "rct2",
        "rct1ll"
    ],
    "objectType": "ride",
    "properties": {
        "type": "water_coaster",
        "category": [
            "water",
            "rollercoaster"
        ],
        "playSplashSoundSlide": true,
        "minCarsPerTrain": 3,
        "maxCarsPerTrain": 3,
        "numEmptyCars": 2,
        "tabCar": 1,
        "headCars": 1,
        "tailCars": 1,
        "carColours": [
            [
                [
                    "dark_brown",
                    "bright_red",
                    "black"
                ]
            ],
            [
                [
                    "grey",
                    "dark_brown",
                    "black"
                ]
            ],
            [
                [
                    "saturated_brown",
                    "dark_green",
                    "black"
                ]
            ]
        ],
        "cars": [
            {
                "rotationFrameMask": 31,
                "spacing": 191752,
                "mass": 950,
                "numSeats": 6,
                "numSeatRows": 3,
                "frictionSoundId": 2,
                "soundRange": 2,
                "effectVisual": 14,
                "drawOrder": 10,
                "frames": {
                    "flat": true,
                    "gentleSlopes": true,
                    "steepSlopes": true,
                    "diagonalSlopes": true,
                    "flatBanked": true,
                    "flatToGentleSlopeBankedTransitions": true,
                    "diagonalGentleSlopeBankedTransitions": true
                },
                "hasAdditionalColour1": true,
                "hasScreamingRiders": true,
                "loadingPositions": [
                    7,
                    9,
                    2,
                    4,
                    -3,
                    -1
                ]
            },
            {
                "rotationFrameMask": 0,
                "spacing": 87160,
                "frictionSoundId": 2,
                "soundRange": 2,
                "carVisual": 8,
                "drawOrder": 8,
                "spriteGroups": {
                    "slopeFlat": 1
                },
                "hasAdditionalColour1": true,
                "hasScreamingRiders": true
            }
        ],
        "buildMenuPriority": 1
    },
    "images": [
        "$RCT2:OBJDATA/CSTBOAT.DAT[0..1730]",
        ""
    ],
    "strings": {
        "name": {
            "en-GB": "Coaster Boats",
            "fr-FR": "Bateau-montagne",
            "de-DE": "Achterbahnboote",
            "es-ES": "Buques Costeros",
            "it-IT": "Barche",
            "nl-NL": "Boten",
            "sv-SE": "Berg- och dalbanebåtar",
            "ko-KR": "코스터 보트",
            "zh-CN": "飞船",
            "zh-TW": "飛船",
            "pt-BR": "Barcos Costeiros",
            "cs-CZ": "Lodě horské dráhy",
            "ja-JP": "コースター・ボート",
            "pl-PL": "Kolejka łódkowa",
            "ru-RU": "Лодки-горки",
            "eo-ZZ": "Boato-Ĉaroj",
            "ca-ES": "Barquetes costeres",
            "fi-FI": "Vuoristorataveneet"
        },
        "description": {
            "en-GB": "Boat-shaped roller coaster cars",
            "fr-FR": "Voitures de montagnes russes en forme de bateau",
            "de-DE": "Bootsförmige Achterbahnwagen",
            "es-ES": "Vagones con forma de bote",
            "it-IT": "Carrozze da ottovolante a forma di barche",
            "nl-NL": "Achtbaankarretjes in de vorm van een boot.",
            "sv-SE": "Båtformade berg- och dalbanevagnar",
            "ko-KR": "보트 모양의 롤러코스터 차량",
            "zh-CN": "船形式的过山车车辆",
            "zh-TW": "船形式的雲霄飛車車輛",
            "pt-BR": "Vagões de montanha-russa em forma de barcos",
            "cs-CZ": "Lodě ve tvaru vozů horské dráhy",
            "ja-JP": "ボート型の車両を持つローラーコースターです",
            "pl-PL": "Wagoniki w kształcie łódek",
            "ru-RU": "Вагончки в виде лодок",
            "eo-ZZ": "Boatoformaj ĉaroj de onda fervojo",
            "ca-ES": "Cotxes per a muntanya russa en forma de barca.",
            "fi-FI": "Veneen muotoiset vuoristoratavaunut"
        },
        "capacity": {
            "en-GB": "6 passengers per boat",
            "fr-FR": "6 passagers par bateau",
            "de-DE": "6 Fahrgäste pro Boot",
            "es-ES": "6 pasajeros por vagón",
            "it-IT": "6 passeggeri a barca",
            "nl-NL": "6 passagiers per boot",
            "sv-SE": "6 passagerare per båt",
            "ko-KR": "보트당 6명의 승객",
            "zh-CN": "6 位乘客/船",
            "zh-TW": "6 位乘客/每輛船",
            "pt-BR": "6 passageiros por barco",
            "cs-CZ": "6 míst v každé lodi",
            "ja-JP": "各車両6名",
            "pl-PL": "6 pasażerów na łódkę",
            "ru-RU": "6 пассажиров",
            "eo-ZZ": "Po 6 pasaĝeroj por boato",
            "ca-ES": "6 passatgers per barca",
            "fi-FI": "6 matkustajaa per vene"
        }
    }
}
