{
    "id": "rct2.ride.tram1",
    "authors": [
        "Chris Sawyer",
        "Simon Foster"
    ],
    "version": "1.0",
    "originalId": "0A188B80|TRAM1   |B16BC043",
    "sourceGame": "rct2",
    "objectType": "ride",
    "properties": {
        "type": "miniature_railway",
        "category": "transport",
        "tabScale": 0.5,
        "hasShelter": true,
        "playDepartSound": true,
        "noCollisionCrashes": true,
        "minCarsPerTrain": 3,
        "maxCarsPerTrain": 4,
        "numEmptyCars": 2,
        "tabCar": 1,
        "headCars": 1,
        "tailCars": 1,
        "carColours": [
            [
                [
                    "bright_red",
                    "yellow",
                    "black"
                ]
            ],
            [
                [
                    "yellow",
                    "white",
                    "black"
                ]
            ],
            [
                [
                    "light_blue",
                    "white",
                    "black"
                ]
            ]
        ],
        "cars": [
            {
                "rotationFrameMask": 31,
                "spacing": 357356,
                "mass": 3000,
                "numSeats": 10,
                "numSeatRows": 5,
                "frictionSoundId": 31,
                "soundRange": 4,
                "poweredAcceleration": 250,
                "poweredMaxSpeed": 19,
                "drawOrder": 10,
                "frames": {
                    "flat": true,
                    "gentleSlopes": true,
                    "diagonalSlopes": true
                },
                "hasAdditionalColour1": true,
                "isPowered": true,
                "loadingPositions": [
                    12,
                    -12,
                    12,
                    -12,
                    12,
                    -12,
                    13,
                    11,
                    -13,
                    -11
                ]
            },
            {
                "rotationFrameMask": 0,
                "spacing": 34864,
                "frictionSoundId": 31,
                "soundRange": 4,
                "poweredAcceleration": 250,
                "poweredMaxSpeed": 19,
                "carVisual": 1,
                "drawOrder": 8,
                "spriteGroups": {
                    "slopeFlat": 1
                },
                "hasAdditionalColour1": true,
                "isPowered": true
            }
        ],
        "buildMenuPriority": 1
    },
    "images": [
        "$RCT2:OBJDATA/TRAM1.DAT[0..770]",
        ""
    ],
    "strings": {
        "name": {
            "en-GB": "Trams",
            "fr-FR": "Tramway",
            "de-DE": "Straßenbahnen",
            "es-ES": "Tranvías",
            "it-IT": "Tram",
            "sv-SE": "Spårvagnar",
            "ko-KR": "전차",
            "zh-CN": "有轨电车",
            "zh-TW": "電車",
            "pt-BR": "Bondes Elétricos",
            "cs-CZ": "Tramvaje",
            "ja-JP": "トラム",
            "nl-NL": "Trams",
            "pl-PL": "Tramwaje",
            "ru-RU": "Трамвай",
            "eo-ZZ": "Tramoj",
            "ca-ES": "Tramvies",
            "fi-FI": "Raitiovaunut"
        },
        "description": {
            "en-GB": "Old-timer replica trams",
            "fr-FR": "Réplique des trams d’antan",
            "de-DE": "Nachgebaute Oldtimer-Straßenbahnen",
            "es-ES": "Tranvías de estilo antiguo",
            "it-IT": "Repliche dei tram d’altri tempi",
            "nl-NL": "Replica’s van oude trams",
            "sv-SE": "Gammaldags spårvagnar",
            "ko-KR": "옛날 스타일의 전차 모형",
            "zh-CN": "古老式复制有轨电车",
            "zh-TW": "復刻的懷舊電車",
            "pt-BR": "Réplicas de bondes antigos",
            "cs-CZ": "Retro repliky tramvají",
            "ja-JP": "昔の路面電車のレプリカです",
            "pl-PL": "Repliki staroświeckich tramwajów",
            "ru-RU": "Старый трамвай",
            "eo-ZZ": "Eksmodaj replikaĵoj de tramoj",
            "ca-ES": "Rèpliques de tramvies d’estil antic.",
            "fi-FI": "Vanhanaikaiset raitiovaunut"
        },
        "capacity": {
            "en-GB": "10 passengers per car",
            "fr-FR": "10 passagers par voiture",
            "de-DE": "10 Fahrgäste pro Wagen",
            "es-ES": "10 pasajeros por tranvía",
            "it-IT": "10 passeggeri a carrozza",
            "nl-NL": "10 passagiers per tram",
            "sv-SE": "10 passagerare per vagn",
            "ko-KR": "차량당 10명의 승객",
            "zh-CN": "10位乘客/车",
            "zh-TW": "每車卡10位乘客",
            "pt-BR": "10 passageiros por vagão",
            "cs-CZ": "10 míst v každém vozu",
            "ja-JP": "各車両10名",
            "pl-PL": "10 pasażerów na wagonik",
            "ru-RU": "10 пасс. на вагон",
            "eo-ZZ": "Po 10 pasaĝeroj por ĉaro",
            "ca-ES": "10 passatgers per cotxe",
            "fi-FI": "10 matkustajaa per vaunu"
        }
    }
}
