{
    "id": "rct2.ride.chbuild",
    "authors": [
        "Chris Sawyer",
        "Simon Foster"
    ],
    "version": "1.0",
    "originalId": "0A188A80|CHBUILD |B3C76043",
    "sourceGame": [
        "rct2",
        "rct1aa"
    ],
    "objectType": "ride",
    "properties": {
        "type": "crooked_house",
        "category": "gentle",
        "tabScale": 0.5,
        "hasShelter": true,
        "carsPerFlatRide": 1,
        "carColours": [
            [
                [
                    "moss_green",
                    "yellow",
                    "black"
                ]
            ]
        ],
        "cars": {
            "spacing": 139456,
            "mass": 3000,
            "numSeats": 5,
            "seatsInPairs": false,
            "spriteWidth": 55,
            "spriteHeightNegative": 150,
            "spriteHeightPositive": 28,
            "carVisual": 1,
            "drawOrder": 6,
            "frames": {
                "flat": true
            },
            "recalculateSpriteBounds": true,
            "numSegments": 0,
            "loadingWaypoints": [
                [
                    [
                        40,
                        40
                    ],
                    [
                        -40,
                        40
                    ],
                    [
                        -36,
                        0
                    ]
                ],
                [
                    [
                        -40,
                        -40
                    ],
                    [
                        -36,
                        0
                    ],
                    [
                        -36,
                        0
                    ]
                ],
                [
                    [
                        -36,
                        0
                    ],
                    [
                        -36,
                        0
                    ],
                    [
                        -36,
                        0
                    ]
                ],
                [
                    [
                        -40,
                        40
                    ],
                    [
                        -36,
                        0
                    ],
                    [
                        -36,
                        0
                    ]
                ],
                [
                    [
                        40,
                        40
                    ],
                    [
                        0,
                        36
                    ],
                    [
                        0,
                        36
                    ]
                ],
                [
                    [
                        40,
                        -40
                    ],
                    [
                        40,
                        40
                    ],
                    [
                        0,
                        36
                    ]
                ],
                [
                    [
                        -40,
                        40
                    ],
                    [
                        0,
                        36
                    ],
                    [
                        0,
                        36
                    ]
                ],
                [
                    [
                        0,
                        36
                    ],
                    [
                        0,
                        36
                    ],
                    [
                        0,
                        36
                    ]
                ],
                [
                    [
                        36,
                        0
                    ],
                    [
                        36,
                        0
                    ],
                    [
                        36,
                        0
                    ]
                ],
                [
                    [
                        40,
                        -40
                    ],
                    [
                        36,
                        0
                    ],
                    [
                        36,
                        0
                    ]
                ],
                [
                    [
                        -40,
                        -40
                    ],
                    [
                        40,
                        -40
                    ],
                    [
                        36,
                        0
                    ]
                ],
                [
                    [
                        40,
                        40
                    ],
                    [
                        36,
                        0
                    ],
                    [
                        36,
                        0
                    ]
                ],
                [
                    [
                        40,
                        -40
                    ],
                    [
                        0,
                        -36
                    ],
                    [
                        0,
                        -36
                    ]
                ],
                [
                    [
                        0,
                        -36
                    ],
                    [
                        0,
                        -36
                    ],
                    [
                        0,
                        -36
                    ]
                ],
                [
                    [
                        -40,
                        -40
                    ],
                    [
                        0,
                        -36
                    ],
                    [
                        0,
                        -36
                    ]
                ],
                [
                    [
                        -40,
                        40
                    ],
                    [
                        -40,
                        -40
                    ],
                    [
                        0,
                        -36
                    ]
                ]
            ]
        }
    },
    "images": [
        "$RCT2:OBJDATA/CHBUILD.DAT[0..6]"
    ],
    "strings": {
        "name": {
            "en-GB": "Crooked House",
            "fr-FR": "Maison biscornue",
            "de-DE": "Schiefes Haus",
            "es-ES": "Casa Inclinada",
            "it-IT": "Casa distorta",
            "nl-NL": "Crooked House",
            "sv-SE": "Lustiga huset",
            "ko-KR": "비뚤어진 집",
            "zh-CN": "妙妙屋",
            "zh-TW": "古怪屋",
            "pt-BR": "Casa Maluca",
            "cs-CZ": "Křivý dům",
            "ja-JP": "ねじれた家",
            "nb-NO": "Skjevt hus",
            "pl-PL": "Krzywy dom",
            "ru-RU": "Кривой дом",
            "eo-ZZ": "Malrekta Domo",
            "ca-ES": "La casa torta",
            "fi-FI": "Kiero talo"
        },
        "description": {
            "en-GB": "Building containing warped rooms and angled corridors to disorientate people walking through it",
            "fr-FR": "Bâtiment constitué de pièces déformantes et de couloirs tournants destinés à désorienter ceux qui s’y aventurent",
            "de-DE": "Gebäude mit verzerrten Räumen und verwinkelten Korridoren, in denen die Besucher die Orientierung verlieren",
            "es-ES": "Edificio con habitaciones combadas y pasillos angulosos para desorientar a la gente que entra",
            "it-IT": "Un edificio con stanze distorte e dagli angoli assurdi che disorienta chi vi entra dentro",
            "nl-NL": "Gebouw met scheve kamers en gangen die de bezoekers desoriënteren.",
            "sv-SE": "Byggnad som innehåller skeva rum och vinklade korridorer för att desorientera personerna som går igenom den",
            "ko-KR": "사람들이 비뚤어진 방과 각진 복도를 통과하면서 방향을 헷갈리게 만드는 건물",
            "zh-CN": "建筑物内含有变形的房间及多方向走廊使通过它的人容易迷失方向，某个貌似很有名的老鼠很喜欢带小朋友进去",
            "zh-TW": "一座建築物, 含有扭曲房間及傾斜走道使人於行走中失去方向感",
            "pt-BR": "Construção contendo salas tortas e corredores angulados para desorientar as pessoas que andarem por eles",
            "cs-CZ": "Budova s pokřivenými místnostmi a nakloněnými chodbami, které dezorientují návštěvníky",
            "ja-JP": "中に入った人の方向感覚を狂わせる、ゆがんだ部屋と曲がった廊下がある建物です",
            "pl-PL": "Budynek z powykrzywianymi ścianami i zakręconymi korytarzami, dezorientujący ludzi, którzy do niego wejdą",
            "ru-RU": "Здание с кривыми комнатами и коридорами",
            "eo-ZZ": "Konstruaĵo, kiu enhavas ĉambrojn torditajn kaj koridorojn angulajn por malorienti homojn tie",
            "ca-ES": "Edifici amb habitacions deformades i passadissos angulosos per a desorientar les persones que el visiten.",
            "fi-FI": "Rakennus täynnä kävijöitä kummastuttavia vääristettyjä huoneita ja kieroutuineita käytäviä"
        },
        "capacity": {
            "en-GB": "5 guests",
            "fr-FR": "5 personnes",
            "de-DE": "5 Besucher",
            "es-ES": "5 visitantes",
            "it-IT": "5 visitatori",
            "nl-NL": "5 bezoekers",
            "sv-SE": "5 besökare",
            "ko-KR": "손님 5명",
            "zh-CN": "5位乘客",
            "zh-TW": "5位遊客",
            "pt-BR": "5 visitantes",
            "cs-CZ": "5 návštěvníků",
            "ja-JP": "定員5名",
            "pl-PL": "5 widzów",
            "ru-RU": "5 чел",
            "eo-ZZ": "5 gastoj",
            "ca-ES": "5 visitants",
            "fi-FI": "5 kävijää"
        }
    }
}
