{
    "id": "rct2.ride.bmrb",
    "authors": [
        "Chris Sawyer",
        "Simon Foster"
    ],
    "version": "1.0",
    "originalId": "0A188A80|BMRB    |DFE3E54D",
    "sourceGame": [
        "rct2",
        "rct1aa"
    ],
    "objectType": "ride",
    "properties": {
        "type": "hyper_twister",
        "category": "rollercoaster",
        "noInversions": true,
        "minCarsPerTrain": 5,
        "maxCarsPerTrain": 10,
        "numEmptyCars": 1,
        "tabCar": 1,
        "headCars": 1,
        "ratingMultipler": {
            "excitement": 15,
            "intensity": 3
        },
        "carColours": [
            [
                [
                    "dark_green",
                    "bordeaux_red",
                    "yellow"
                ]
            ],
            [
                [
                    "light_purple",
                    "black",
                    "grey"
                ]
            ],
            [
                [
                    "light_orange",
                    "bordeaux_red",
                    "dark_yellow"
                ]
            ],
            [
                [
                    "bright_red",
                    "light_brown",
                    "black"
                ]
            ]
        ],
        "cars": [
            {
                "rotationFrameMask": 31,
                "spacing": 130740,
                "mass": 680,
                "numSeats": 4,
                "numSeatRows": 2,
                "frictionSoundId": 57,
                "soundRange": 0,
                "drawOrder": 8,
                "frames": {
                    "flat": true,
                    "gentleSlopes": true,
                    "steepSlopes": true,
                    "verticalSlopes": true,
                    "diagonalSlopes": true,
                    "flatBanked": true,
                    "flatToGentleSlopeBankedTransitions": true,
                    "diagonalGentleSlopeBankedTransitions": true,
                    "gentleSlopeBankedTransitions": true,
                    "gentleSlopeBankedTurns": true,
                    "flatToGentleSlopeWhileBankedTransitions": true,
                    "restraintAnimation": true
                },
                "hasAdditionalColour2": true,
                "hasAdditionalColour1": true,
                "hasScreamingRiders": true,
                "loadingPositions": [
                    -2,
                    -4,
                    -2,
                    -4
                ]
            },
            {
                "rotationFrameMask": 31,
                "spacing": 95876,
                "mass": 525,
                "frictionSoundId": 57,
                "soundRange": 0,
                "drawOrder": 8,
                "frames": {
                    "flat": true,
                    "gentleSlopes": true,
                    "steepSlopes": true,
                    "verticalSlopes": true,
                    "diagonalSlopes": true,
                    "flatBanked": true,
                    "flatToGentleSlopeBankedTransitions": true,
                    "diagonalGentleSlopeBankedTransitions": true,
                    "gentleSlopeBankedTransitions": true,
                    "gentleSlopeBankedTurns": true,
                    "flatToGentleSlopeWhileBankedTransitions": true
                },
                "hasAdditionalColour2": true,
                "hasAdditionalColour1": true,
                "hasScreamingRiders": true
            }
        ],
        "buildMenuPriority": 2
    },
    "images": [
        "$RCT2:OBJDATA/BMRB.DAT[0..2870]"
    ],
    "strings": {
        "name": {
            "en-GB": "Hyper-Twister Trains (wide cars)",
            "fr-FR": "Train sup.-torn. (grdes voit)",
            "de-DE": "Hyper-Twister-Züge (breite Wagen)",
            "es-ES": "Trenes Hiper-Tornado (anchos)",
            "it-IT": "Super-serpentina (treni grandi)",
            "nl-NL": "Hyper-twistertreinen (brede karretjes)",
            "sv-SE": "Breda hypertwister-vagnar",
            "ko-KR": "하이퍼 트위스터 차량 (광폭형)",
            "zh-CN": "极速旋转列车",
            "zh-TW": "極速旋轉列車",
            "pt-BR": "Trens de Hiper-Tornado (carros largos)",
            "cs-CZ": "Hyperzakroucená dráha (široké vozy)",
            "ja-JP": "ハイパー・ツイスター・トレイン (広い車両)",
            "pl-PL": "Hiperzwijka (szerokie wagoniki)",
            "ru-RU": "Гипер-твистер (широкий)",
            "eo-ZZ": "Trajnoj de Hiper-Tvisto (larĝaj ĉaroj)",
            "ca-ES": "Hiper-Twister (amples)",
            "fi-FI": "Hyper-Twister-vaunut (leveä)"
        },
        "description": {
            "en-GB": "Wide 4-across cars with raised seating and simple lap restraints",
            "fr-FR": "4 voitures disposées de chaque côté avec des sièges relevés et des barres de protection simples",
            "de-DE": "Breite Wagen mit einfachen Beckenhalterungen und erhöhten Sitzen, in denen 4 Personen nebeneinander sitzen",
            "es-ES": "Vagones amplios con asientos elevados",
            "it-IT": "Grandi carrozze da quattro posti a fila con sedili rialzati e semplici protezioni al petto",
            "nl-NL": "Brede karretjes met vier verhoogde stoelen naast elkaar en eenvoudige schootbeugels.",
            "sv-SE": "4-i-bredd-vagnar med upphöjda säten och enkla byglar",
            "ko-KR": "향상된 탑승감과 간단한 무릎 안전바를 갖고 있는 넓은 4인승 차량",
            "zh-CN": "宽阔的4 人座的浮雕式车辆及简单式的安全装置",
            "zh-TW": "寬闊的4 人座的浮雕式車輛及簡單式的安全裝置",
            "pt-BR": "4 grandes carros com assentos erguidos e proteções de colo simples",
            "cs-CZ": "Široké 4-místné vozy s vystouplým sezením a jednoduchou opěrkou v klíně",
            "ja-JP": "型で高い座席のある幅広のコースターで、簡単な膝の安全バーを備えています",
            "pl-PL": "Szerokie na 4 miejsca wagoniki z podniesionymi fotelami i prostymi zabezpieczeniami obejmującymi pasażerów w pasie",
            "ru-RU": "Wide 4-across cars with raised seating and simple lap restraints",
            "eo-ZZ": "Larĝaj ĉaroj kun po 4 seĝoj por vico, pli altaj seĝoj, kaj simplaj sinobridoj",
            "ca-ES": "Vagons amples amb 4 seients alts per fila i subjecció simple.",
            "fi-FI": "Leveät nelipaikkaiset vaunut, joissa on yksinkertaiset turvakaiteet"
        },
        "capacity": {
            "en-GB": "4 passengers per car",
            "fr-FR": "4 passagers par voiture",
            "de-DE": "4 Fahrgäste pro Wagen",
            "es-ES": "4 pasajeros por vagón",
            "it-IT": "4 passeggeri a carrozza",
            "nl-NL": "4 passagiers per karretje",
            "sv-SE": "4 passagerare per vagn",
            "ko-KR": "차량당 4명의 승객",
            "zh-CN": "4位乘客/车",
            "zh-TW": "4 位乘客/每個車廂",
            "pt-BR": "4 passageiros por vagão",
            "cs-CZ": "4 místa v každém voze",
            "ja-JP": "各車両4名",
            "pl-PL": "4 pasażerów na wagonik",
            "ru-RU": "4 пассажира",
            "eo-ZZ": "Po 4 pasaĝeroj por ĉaro",
            "ca-ES": "4 passatgers per cotxe",
            "fi-FI": "4 matkustajaa per vaunu"
        }
    }
}
