{
    "id": "rct2.ride.circus1",
    "authors": [
        "Chris Sawyer",
        "Simon Foster"
    ],
    "version": "1.0",
    "originalId": "0A188A80|CIRCUS1 |2BCEECE3",
    "sourceGame": [
        "rct2",
        "rct1aa"
    ],
    "objectType": "ride",
    "properties": {
        "type": "circus",
        "category": "gentle",
        "tabScale": 0.5,
        "hasShelter": true,
        "carsPerFlatRide": 1,
        "carColours": [
            [
                [
                    "bright_red",
                    "yellow",
                    "black"
                ]
            ],
            [
                [
                    "light_purple",
                    "white",
                    "black"
                ]
            ],
            [
                [
                    "bordeaux_red",
                    "light_orange",
                    "black"
                ]
            ]
        ],
        "cars": {
            "spacing": 139456,
            "mass": 3000,
            "numSeats": 30,
            "seatsInPairs": false,
            "spriteWidth": 55,
            "spriteHeightNegative": 48,
            "spriteHeightPositive": 28,
            "carVisual": 1,
            "drawOrder": 6,
            "frames": {
                "flat": true
            },
            "recalculateSpriteBounds": true,
            "hasAdditionalColour1": true,
            "numSegments": 0,
            "loadingWaypoints": [
                [
                    [
                        40,
                        40
                    ],
                    [
                        -40,
                        40
                    ],
                    [
                        -36,
                        0
                    ]
                ],
                [
                    [
                        -40,
                        -40
                    ],
                    [
                        -36,
                        0
                    ],
                    [
                        -36,
                        0
                    ]
                ],
                [
                    [
                        -36,
                        0
                    ],
                    [
                        -36,
                        0
                    ],
                    [
                        -36,
                        0
                    ]
                ],
                [
                    [
                        -40,
                        40
                    ],
                    [
                        -36,
                        0
                    ],
                    [
                        -36,
                        0
                    ]
                ],
                [
                    [
                        40,
                        40
                    ],
                    [
                        0,
                        36
                    ],
                    [
                        0,
                        36
                    ]
                ],
                [
                    [
                        40,
                        -40
                    ],
                    [
                        40,
                        40
                    ],
                    [
                        0,
                        36
                    ]
                ],
                [
                    [
                        -40,
                        40
                    ],
                    [
                        0,
                        36
                    ],
                    [
                        0,
                        36
                    ]
                ],
                [
                    [
                        0,
                        36
                    ],
                    [
                        0,
                        36
                    ],
                    [
                        0,
                        36
                    ]
                ],
                [
                    [
                        36,
                        0
                    ],
                    [
                        36,
                        0
                    ],
                    [
                        36,
                        0
                    ]
                ],
                [
                    [
                        40,
                        -40
                    ],
                    [
                        36,
                        0
                    ],
                    [
                        36,
                        0
                    ]
                ],
                [
                    [
                        -40,
                        -40
                    ],
                    [
                        40,
                        -40
                    ],
                    [
                        36,
                        0
                    ]
                ],
                [
                    [
                        40,
                        40
                    ],
                    [
                        36,
                        0
                    ],
                    [
                        36,
                        0
                    ]
                ],
                [
                    [
                        40,
                        -40
                    ],
                    [
                        0,
                        -36
                    ],
                    [
                        0,
                        -36
                    ]
                ],
                [
                    [
                        0,
                        -36
                    ],
                    [
                        0,
                        -36
                    ],
                    [
                        0,
                        -36
                    ]
                ],
                [
                    [
                        -40,
                        -40
                    ],
                    [
                        0,
                        -36
                    ],
                    [
                        0,
                        -36
                    ]
                ],
                [
                    [
                        -40,
                        40
                    ],
                    [
                        -40,
                        -40
                    ],
                    [
                        0,
                        -36
                    ]
                ]
            ]
        }
    },
    "images": [
        "$RCT2:OBJDATA/CIRCUS1.DAT[0..6]"
    ],
    "strings": {
        "name": {
            "en-GB": "Circus",
            "fr-FR": "Cirque",
            "de-DE": "Zirkus",
            "es-ES": "Circo",
            "it-IT": "Circo",
            "sv-SE": "Cirkus",
            "ko-KR": "서커스",
            "zh-CN": "马戏团",
            "zh-TW": "馬戲團",
            "pt-BR": "Circo",
            "cs-CZ": "Cirkus",
            "ja-JP": "サーカス",
            "nb-NO": "Sirkus",
            "nl-NL": "Circus",
            "pl-PL": "Cyrk",
            "ru-RU": "Цирк",
            "eo-ZZ": "Cirko",
            "ca-ES": "Circ",
            "fi-FI": "Sirkus"
        },
        "description": {
            "en-GB": "Circus animal show inside a big-top tent",
            "fr-FR": "Grand chapiteau dans lequel se produit un spectacle d’animaux",
            "de-DE": "Zirkustiershow in einem großen Zelt",
            "es-ES": "Show de animales de circo bajo una gran carpa",
            "it-IT": "Spettacolo circense con animali tenuto all’interno di una tenda molto alta",
            "nl-NL": "Een dierennummer in een circustent.",
            "sv-SE": "Cirkusdjurföreställning inuti ett stort cirkustält",
            "ko-KR": "안에서 서커스 동물 쇼를 진행하는 커다란 텐트",
            "zh-CN": "马戏团的动物在大帐篷里表演节目",
            "zh-TW": "於大型帳幕內進行動物馬戲團表演",
            "pt-BR": "Show circense de animais dentro de uma enorme barraca",
            "cs-CZ": "Zvířecí představení uvnitř velkého stanu",
            "ja-JP": "動物のサーカスショーをやっている大テントです",
            "pl-PL": "Cyrk ze zwierzętami występującymi w wielkim namiocie",
            "ru-RU": "Цирковое выступление со зверями",
            "eo-ZZ": "Cirkospektaklo de bestoj en granda cirkotendo",
            "ca-ES": "Espectacle de circ dins d’una gran carpa.",
            "fi-FI": "Sirkuseläinshow valtavan teltan sisällä"
        },
        "capacity": {
            "en-GB": "30 guests",
            "fr-FR": "30 spectateurs",
            "de-DE": "30 Besucher",
            "es-ES": "30 visitantes",
            "it-IT": "30 spettatori",
            "nl-NL": "30 bezoekers",
            "sv-SE": "30 besökare",
            "ko-KR": "손님 30명",
            "zh-CN": "30位客人",
            "zh-TW": "30位遊客",
            "pt-BR": "30 visitantes",
            "cs-CZ": "30 návštěvníků",
            "ja-JP": "定員30名",
            "pl-PL": "30 widzów",
            "ru-RU": "30 чел",
            "eo-ZZ": "30 gastoj",
            "ca-ES": "30 espectadors",
            "fi-FI": "30 kävijää"
        }
    }
}
