{
    "id": "rct2.ride.ctcar",
    "authors": [
        "Chris Sawyer",
        "Simon Foster"
    ],
    "version": "1.0",
    "originalId": "0A188A80|CTCAR   |2082E6E1",
    "sourceGame": [
        "rct2",
        "rct1"
    ],
    "objectType": "ride",
    "properties": {
        "type": "car_ride",
        "category": "gentle",
        "noCollisionCrashes": true,
        "minCarsPerTrain": 3,
        "maxCarsPerTrain": 3,
        "numEmptyCars": 2,
        "tabCar": 1,
        "headCars": 1,
        "tailCars": 1,
        "carColours": [
            [
                [
                    "white",
                    "bordeaux_red",
                    "black"
                ]
            ],
            [
                [
                    "black",
                    "dark_green",
                    "black"
                ]
            ],
            [
                [
                    "salmon_pink",
                    "saturated_brown",
                    "black"
                ]
            ]
        ],
        "cars": [
            {
                "rotationFrameMask": 31,
                "spacing": 148172,
                "mass": 300,
                "numSeats": 2,
                "numSeatRows": 1,
                "poweredAcceleration": 70,
                "poweredMaxSpeed": 7,
                "drawOrder": 9,
                "frames": {
                    "flat": true,
                    "gentleSlopes": true
                },
                "hasAdditionalColour1": true,
                "isPowered": true,
                "loadingPositions": [
                    3,
                    -3
                ]
            },
            {
                "rotationFrameMask": 0,
                "spacing": 34864,
                "poweredAcceleration": 70,
                "poweredMaxSpeed": 7,
                "carVisual": 1,
                "drawOrder": 8,
                "spriteGroups": {
                    "slopeFlat": 1
                },
                "isPowered": true
            }
        ],
        "buildMenuPriority": 1
    },
    "images": [
        "$RCT2:OBJDATA/CTCAR.DAT[0..210]",
        ""
    ],
    "strings": {
        "name": {
            "en-GB": "Cheshire Cats",
            "fr-FR": "Chat-chars",
            "de-DE": "Grinsekatzen",
            "es-ES": "Gatos Cheshire",
            "it-IT": "Gatti del cheshire",
            "nl-NL": "Cheshire Cats",
            "sv-SE": "Cheshirekatter",
            "ko-KR": "체셔 고양이",
            "zh-CN": "柴郡猫",
            "zh-TW": "笑臉貓遊",
            "pt-BR": "Gatos Risonhos",
            "cs-CZ": "Autodráha",
            "ja-JP": "チェシャ猫",
            "pl-PL": "Koty z Cheshire",
            "ru-RU": "Чешир",
            "eo-ZZ": "Ĉeŝiraj Katoj",
            "ca-ES": "Gats Cheshire",
            "fi-FI": "Irvikissat"
        },
        "description": {
            "en-GB": "Powered cat-shaped vehicles",
            "fr-FR": "Véhicule à propulsion en forme de chats se déplaçant sur une route plane",
            "de-DE": "Angetriebene Fahrzeuge in Katzenform",
            "es-ES": "Vehículos autopropulsados con forma de gato que siguen la ruta de las vías",
            "it-IT": "Veicoli a motore a forma di gatto che seguono un percorso stabilito",
            "nl-NL": "Elektrische voertuigen in de vorm van een kat.",
            "sv-SE": "Motordrivna kattformade fordon",
            "ko-KR": "트랙을 따라 이동하는 고양이 모양의 차량",
            "zh-CN": "猫咪样式的动力车-循着固定轨道进行",
            "zh-TW": "帶有動力的貓型車輛跟隨著軌道的路線遊覽周邊",
            "pt-BR": "Veículos motorizados em forma de gatos",
            "cs-CZ": "Malá autíčka jezdí po postavené dráze",
            "ja-JP": "動力つきの猫型の車両です",
            "pl-PL": "Napędzane pojazdy w kształcie kotów podróżujące wyznaczoną trasą",
            "ru-RU": "Машинки в виде котов едут по рельсам",
            "eo-ZZ": "Ŝaltitaj katformaj veturiloj",
            "ca-ES": "Vehicles autopropulsats en forma de gat.",
            "fi-FI": "Moottoroidut kissanmuotoiset ajoneuvot"
        },
        "capacity": {
            "en-GB": "2 passengers per cat",
            "fr-FR": "2 passagers par chat",
            "de-DE": "2 Fahrgäste pro Katze",
            "es-ES": "2 pasajeros por gato",
            "it-IT": "2 passeggeri a gatto",
            "nl-NL": "2 passagiers per kat",
            "sv-SE": "2 passagerare per katt",
            "ko-KR": "차량당 2명의 승객",
            "zh-CN": "2位乘客/车",
            "zh-TW": "每輛車2位乘客",
            "pt-BR": "2 passageiros por gato",
            "cs-CZ": "2 místa v každém vozu",
            "ja-JP": "各車両2名",
            "pl-PL": "2 pasażerów na kota",
            "ru-RU": "2 пассажира",
            "eo-ZZ": "Po 2 pasaĝeroj por kato",
            "ca-ES": "2 passatgers per gat",
            "fi-FI": "2 matkustajaa per kissa"
        }
    }
}
