{
    "id": "rct2.music.rock3",
    "authors": [
        "Chris Sawyer",
        "Allister Brimble"
    ],
    "version": "1.0",
    "originalId": "0000008E|#MUSIC31|00000000",
    "sourceGame": [
        "rct2"
    ],
    "objectType": "music",
    "properties": {
        "originalStyleId": 31,
        "tracks": [
            {
                "source": "$RCT2:DATA/css45.dat",
                "name": "Space Rock"
            }
        ]
    },
    "strings": {
        "name": {
            "en-GB": "Rock style 3",
            "ca-ES": "Estil rock 3",
            "cs-CZ": "Rock 3",
            "da-DK": "Rock stil 3",
            "de-DE": "Rock-Stil 3",
            "es-ES": "Estilo rock 3",
            "fi-FI": "Rokkityylinen 3",
            "fr-FR": "Rock 3",
            "hu-HU": "Rock stílus 3",
            "it-IT": "Stile rock 3",
            "ja-JP": "ロック・スタイル ３番",
            "ko-KR": "록 스타일 3",
            "nl-NL": "Rockstijl 3",
            "pl-PL": "Styl rockowy 3",
            "pt-BR": "Estilo Rock 3",
            "ru-RU": "Рок 3",
            "sv-SE": "Rocktema 3",
            "tr-TR": "Rock tarzı 3",
            "zh-CN": "摇滚风格3",
            "zh-TW": "搖滾風格3",
            "eo-ZZ": "Rokmuzika stilo 3"
        }
    }
}
