{
    "id": "rct2.music.custom1",
    "authors": [
    ],
    "version": "1.0",
    "originalId": "0000008E|#MUSIC23|00000000",
    "sourceGame": [
        "rct2",
        "rct1ll"
    ],
    "objectType": "music",
    "properties": {
        "originalStyleId": 23,
        "tracks": [
            {
                "source": "$RCT2:DATA/CUSTOM1.WAV",
                "name": ""
            }
        ]
    },
    "strings": {
        "name": {
            "en-GB": "Custom music 1",
            "ca-ES": "Peça personalitzada 1",
            "cs-CZ": "Vlastní hudba 1",
            "da-DK": "Valgfrit musik 1",
            "de-DE": "Eigene Musik 1",
            "es-ES": "Música personalizada 1",
            "fr-FR": "Musique perso 1",
            "hu-HU": "Egyedi stílus 1",
            "it-IT": "Musica personalizzata 1",
            "ja-JP": "カスタム・スタイル １番",
            "ko-KR": "사용자 음악 1",
            "nl-NL": "Extra muziek 1",
            "pl-PL": "Muzyka niestandardowa 1",
            "pt-BR": "Música Personalizada 1",
            "ru-RU": "Своя музыка 1",
            "sv-SE": "Egen musik 1",
            "tr-TR": "Özel müzik 1",
            "zh-CN": "自定义音乐1",
            "zh-TW": "自訂音樂1",
            "eo-ZZ": "Propra muziko 1",
            "fi-FI": "Mukautettu musiikki 1"
        }
    }
}
