{
    "id": "rct2.water.wtrorng",
    "authors": [
        "Chris Sawyer",
        "Simon Foster"
    ],
    "version": "1.0",
    "originalId": "0A188089|WTRORNG |78871B11",
    "sourceGame": [
        "rct2",
        "rct1ll"
    ],
    "objectType": "water",
    "properties": {
        "palettes": {
            "general": {
                "index": 10,
                "colours": [
                    "#172323",
                    "#233333",
                    "#2F4343",
                    "#3F5353",
                    "#4B6363",
                    "#5B7373",
                    "#6F8383",
                    "#839797",
                    "#9FAFAF",
                    "#B7C3C3",
                    "#D3DBDB",
                    "#EFF3F3",
                    "#332F00",
                    "#3F3B00",
                    "#4F4B0B",
                    "#5B5B13",
                    "#6B6B1F",
                    "#777B2F",
                    "#878B3B",
                    "#979B4F",
                    "#A7AF5F",
                    "#BBBF73",
                    "#CBCF8B",
                    "#DFE3A3",
                    "#432B07",
                    "#573B0B",
                    "#6F4B17",
                    "#7F571F",
                    "#8F6327",
                    "#9F7333",
                    "#B38343",
                    "#BF9757",
                    "#CBAF6F",
                    "#DBC787",
                    "#E7DBA3",
                    "#F7EFC3",
                    "#471B00",
                    "#5F2B00",
                    "#773F00",
                    "#8F5307",
                    "#A76F07",
                    "#BF8B0F",
                    "#D7A713",
                    "#F3CB1B",
                    "#FFE72F",
                    "#FFF35F",
                    "#FFFB8F",
                    "#FFFFC3",
                    "#230000",
                    "#4F0000",
                    "#5F0707",
                    "#6F0F0F",
                    "#7F1B1B",
                    "#8F2727",
                    "#A33B3B",
                    "#B34F4F",
                    "#C76767",
                    "#D77F7F",
                    "#EB9F9F",
                    "#FFBFBF",
                    "#1B3313",
                    "#233F17",
                    "#2F4F1F",
                    "#3B5F27",
                    "#476F2B",
                    "#577F33",
                    "#638F3B",
                    "#739B43",
                    "#83AB4B",
                    "#93BB53",
                    "#A3CB5F",
                    "#B7DB67",
                    "#1F371B",
                    "#2F4723",
                    "#3B532B",
                    "#4B6337",
                    "#5B6F43",
                    "#6F874F",
                    "#879F5F",
                    "#9FB76F",
                    "#B7CF7F",
                    "#C3DB93",
                    "#CFE7A7",
                    "#DFF7BF",
                    "#0F3F00",
                    "#135300",
                    "#176700",
                    "#1F7B00",
                    "#278F07",
                    "#379F17",
                    "#47AF27",
                    "#5BBF3F",
                    "#6FCF57",
                    "#8BDF73",
                    "#A3EF8F",
                    "#C3FFB3",
                    "#4F2B13",
                    "#63371B",
                    "#77472B",
                    "#8B573B",
                    "#A76343",
                    "#BB7353",
                    "#CF8363",
                    "#D79773",
                    "#E3AB83",
                    "#EFBF97",
                    "#F7CFAB",
                    "#FFE3C3",
                    "#0F1337",
                    "#272B57",
                    "#333767",
                    "#3F4377",
                    "#53538B",
                    "#63639B",
                    "#7777AF",
                    "#8B8BBF",
                    "#9F9FCF",
                    "#B7B7DF",
                    "#D3D3EF",
                    "#EFEFFF",
                    "#001B6F",
                    "#002797",
                    "#0733A7",
                    "#0F43BB",
                    "#1B53CB",
                    "#2B67DF",
                    "#4387E3",
                    "#5BA3E7",
                    "#77BBEF",
                    "#8FD3F3",
                    "#AFE7FB",
                    "#D7F7FF",
                    "#0B2B0F",
                    "#0F3717",
                    "#17471F",
                    "#23532B",
                    "#2F633B",
                    "#3B734B",
                    "#4F875F",
                    "#639B77",
                    "#7BAF8B",
                    "#93C7A7",
                    "#AFDBC3",
                    "#CFF3DF",
                    "#3F005F",
                    "#4B0773",
                    "#530F7F",
                    "#5F1F8F",
                    "#6B2B9B",
                    "#7B3FAB",
                    "#8753BB",
                    "#9B67C7",
                    "#AB7FD7",
                    "#BF9BE7",
                    "#D7C3F3",
                    "#F3EBFF",
                    "#3F0000",
                    "#570000",
                    "#730000",
                    "#8F0000",
                    "#AB0000",
                    "#C70000",
                    "#E30700",
                    "#FF0700",
                    "#FF4F43",
                    "#FF7B73",
                    "#FFABA3",
                    "#FFDBD7",
                    "#4F2700",
                    "#6F3300",
                    "#933F00",
                    "#B74700",
                    "#DB4F00",
                    "#FF5300",
                    "#FF6F17",
                    "#FF8B33",
                    "#FFA34F",
                    "#FFB76B",
                    "#FFCB87",
                    "#FFDBA3",
                    "#6F332F",
                    "#83372F",
                    "#973F33",
                    "#AB4333",
                    "#BF4B2F",
                    "#D34F2B",
                    "#E75723",
                    "#FF5F1F",
                    "#FF7F27",
                    "#FF9B33",
                    "#FFB73F",
                    "#FFCF4B",
                    "#3F001B",
                    "#5B0027",
                    "#77003B",
                    "#93074B",
                    "#B30B63",
                    "#C71F77",
                    "#DB3B8F",
                    "#EF5BAB",
                    "#F377BB",
                    "#F797CB",
                    "#FBB7DF",
                    "#FFD7EF",
                    "#271300",
                    "#371F07",
                    "#472F0F",
                    "#5B3F1F",
                    "#6B5333",
                    "#7B674B",
                    "#8F7F6B",
                    "#A3937F",
                    "#BBAB93",
                    "#CFC3AB",
                    "#E7DBC3",
                    "#FFF3DF",
                    "#374B4B",
                    "#FFB700",
                    "#FFDB00",
                    "#FFFF00",
                    "#973F33",
                    "#A34337",
                    "#B3473B",
                    "#C34F3F",
                    "#D35343",
                    "#D35343",
                    "#DB5F3F",
                    "#E76F3B",
                    "#F38337",
                    "#FF9B33",
                    "#435B5B",
                    "#536B6B",
                    "#637B7B",
                    "#000063",
                    "#1B2B8B",
                    "#273B97"
                ]
            },
            "waves-0": {
                "index": 16,
                "colours": [
                    "#F38337",
                    "#EB733B",
                    "#E3673B",
                    "#DB5B3F",
                    "#D35343",
                    "#D35343",
                    "#D35343",
                    "#D35343",
                    "#D35343",
                    "#D35343",
                    "#D35343",
                    "#D35343",
                    "#DB5B3F",
                    "#E3673F",
                    "#EB733B"
                ]
            },
            "waves-1": {
                "index": 32,
                "colours": [
                    "#C76B2B",
                    "#BF5F2F",
                    "#BB532F",
                    "#B34B33",
                    "#AF4337",
                    "#AF4337",
                    "#AF4337",
                    "#AF4337",
                    "#AF4337",
                    "#AF4337",
                    "#AF4337",
                    "#AF4337",
                    "#B34B33",
                    "#B7532F",
                    "#BF5F2F"
                ]
            },
            "waves-2": {
                "index": 48,
                "colours": [
                    "#A75B23",
                    "#9B4B23",
                    "#933F23",
                    "#8B3727",
                    "#832F27",
                    "#832F27",
                    "#832F27",
                    "#832F27",
                    "#832F27",
                    "#832F27",
                    "#832F27",
                    "#832F27",
                    "#8B3723",
                    "#933F23",
                    "#9B4B23"
                ]
            },
            "sparkles-0": {
                "index": 80,
                "colours": [
                    "#FFBB33",
                    "#FBA337",
                    "#F78B3B",
                    "#F3773F",
                    "#F36343",
                    "#F36343",
                    "#F36343",
                    "#F36343",
                    "#F36343",
                    "#F36343",
                    "#F36343",
                    "#F36343",
                    "#F3773F",
                    "#F78B3B",
                    "#FBA337"
                ]
            },
            "sparkles-1": {
                "index": 96,
                "colours": [
                    "#D79F2B",
                    "#D3872B",
                    "#CF772F",
                    "#CB6333",
                    "#CB5337",
                    "#CB5337",
                    "#CB5337",
                    "#CB5337",
                    "#CB5337",
                    "#CB5337",
                    "#CB5337",
                    "#CB5337",
                    "#CB6333",
                    "#CF732F",
                    "#D3872B"
                ]
            },
            "sparkles-2": {
                "index": 112,
                "colours": [
                    "#B38323",
                    "#AB6F23",
                    "#A75B27",
                    "#A34B27",
                    "#9F3F2B",
                    "#9F3F2B",
                    "#9F3F2B",
                    "#9F3F2B",
                    "#9F3F2B",
                    "#9F3F2B",
                    "#9F3F2B",
                    "#9F3F2B",
                    "#A34B27",
                    "#A75B23",
                    "#AB6F23"
                ]
            }
        }
    },
    "strings": {
        "name": {
            "en-GB": "Orange Water",
            "fr-FR": "Eau orange",
            "de-DE": "Orange Wasser",
            "es-ES": "Agua naranja",
            "it-IT": "Acqua arancione",
            "nl-NL": "Oranje water",
            "sv-SE": "Orange vatten",
            "ko-KR": "오렌지색 물",
            "zh-CN": "柳橙水",
            "zh-TW": "柳橙水",
            "pt-BR": "Água Laranja",
            "cs-CZ": "Oranžová voda",
            "pl-PL": "Pomarańczowa woda",
            "ru-RU": "Рыжая вода",
            "ar-Eg": "مياة برتقالية",
            "ja-JP": "オレンジの水",
            "eo-ZZ": "Oranĝkolora Akvo",
            "ca-ES": "Aigua taronja",
            "fi-FI": "Oranssi vesi"
        }
    }
}
