{
    "id": "rct2.terrain_surface.rock",
    "authors": [
        "Chris Sawyer",
        "Simon Foster"
    ],
    "version": "1.0",
    "originalId": "0000008B|#RCT2SRO|00000000",
    "sourceGame": [
        "rct2",
        "rct1"
    ],
    "objectType": "terrain_surface",
    "properties": {
        "price": 120,
        "mapColours": [
            12,
            12
        ],
        "smoothWithOther": true
    },
    "images": [
        "$G1[5582]",
        "$G1[28989..28994]",
        "$G1[2542..2598]"
    ],
    "strings": {
        "name": {
            "en-GB": "Rock",
            "de-DE": "Gestein",
            "nl-NL": "Rotsen",
            "pt-BR": "Pedra",
            "ja-JP": "石",
            "fr-FR": "Pierre",
            "pl-PL": "Kamień",
            "ko-KR": "바위",
            "eo-ZZ": "Ŝtono",
            "sv-SE": "Sten",
            "ca-ES": "Roca",
            "fi-FI": "Kivi",
            "zh-CN": "石头"
        }
    }
}
