{
    "id": "rct2.terrain_surface.ice",
    "authors": [
        "Chris Sawyer",
        "Simon Foster"
    ],
    "version": "1.0",
    "originalId": "0000008B|#RCT2SIC|00000000",
    "sourceGame": [
        "rct2",
        "rct1ll"
    ],
    "objectType": "terrain_surface",
    "properties": {
        "price": 130,
        "mapColours": [
            141,
            141
        ],
        "smoothWithSelf": true,
        "smoothWithOther": true
    },
    "images": [
        "$G1[5586]",
        "$G1[29007..29012]",
        "$G1[2143..2199]"
    ],
    "strings": {
        "name": {
            "en-GB": "Ice",
            "de-DE": "Eis",
            "nl-NL": "IJs",
            "pt-BR": "Gelo",
            "ja-JP": "氷",
            "fr-FR": "Glace",
            "pl-PL": "Lód",
            "ko-KR": "얼음",
            "eo-ZZ": "Glacio",
            "sv-SE": "Is",
            "ca-ES": "Gel",
            "fi-FI": "Jää",
            "zh-CN": "冰"
        }
    }
}
