{
    "id": "rct2.terrain_surface.grid_red",
    "authors": [
        "Chris Sawyer",
        "Simon Foster"
    ],
    "version": "1.0",
    "originalId": "0000008B|#RCT2SIR|00000000",
    "sourceGame": [
        "rct2",
        "rct1ll"
    ],
    "objectType": "terrain_surface",
    "properties": {
        "colour": "bright_red",
        "mapColours": [
            172,
            10
        ],
        "price": 110
    },
    "images": [
        "$G1[5587]",
        "$G1[2257..2313]"
    ],
    "strings": {
        "name": {
            "en-GB": "Grid (Red)",
            "de-DE": "Gitter (rot)",
            "nl-NL": "Rood raster",
            "pt-BR": "Malha (vermelha)",
            "ja-JP": "グリッド (赤)",
            "fr-FR": "Grille (rouge)",
            "pl-PL": "Krata (Czerwona)",
            "ko-KR": "격자 (빨간색)",
            "eo-ZZ": "Krado (Ruĝa)",
            "sv-SE": "Rutnät (rött)",
            "ca-ES": "Graella (roja)",
            "fi-FI": "Ruudukko (punainen)",
            "zh-CN": "网格(红)"
        }
    }
}
