{
    "id": "rct2.terrain_surface.chequerboard",
    "authors": [
        "Chris Sawyer",
        "Simon Foster"
    ],
    "version": "1.0",
    "originalId": "0000008B|#RCT2SCH|00000000",
    "sourceGame": [
        "rct2",
        "rct1"
    ],
    "objectType": "terrain_surface",
    "properties": {
        "price": 100,
        "mapColours": [
            10,
            16
        ],
        "special": [
            {
                "rotation": 1,
                "index": 3
            },
            {
                "rotation": 1,
                "grid": true,
                "index": 4
            },
            {
                "rotation": 1,
                "underground": true,
                "index": 5
            },
            {
                "rotation": 3,
                "index": 3
            },
            {
                "rotation": 3,
                "grid": true,
                "index": 4
            },
            {
                "rotation": 3,
                "underground": true,
                "index": 5
            }
        ]
    },
    "images": [
        "$G1[5584]",
        "$G1[2371..2427]",
        "$G1[2428..2484]"
    ],
    "strings": {
        "name": {
            "en-GB": "Chequerboard",
            "en-US": "Checkerboard",
            "de-DE": "Schachbrett",
            "nl-NL": "Schaakbord",
            "pt-BR": "Tabuleiro de xadrez",
            "ja-JP": "チェスボード",
            "fr-FR": "Échiquier",
            "pl-PL": "Szachownica",
            "ko-KR": "체스판",
            "eo-ZZ": "Damludo-Tablo",
            "sv-SE": "Schackbräde",
            "ca-ES": "Tauler d’escacs",
            "fi-FI": "Shakkilauta",
            "zh-CN": "西洋棋棋盘"
        }
    }
}
