{
    "id": "rct2.terrain_surface.dirt",
    "authors": [
        "Chris Sawyer",
        "Simon Foster"
    ],
    "version": "1.0",
    "originalId": "0000008B|#RCT2SDI|00000000",
    "sourceGame": [
        "rct2",
        "rct1"
    ],
    "objectType": "terrain_surface",
    "properties": {
        "price": 80,
        "mapColours": [
            108,
            108
        ],
        "smoothWithSelf": true,
        "smoothWithOther": true
    },
    "images": [
        "$G1[5581]",
        "$G1[28977..28982]",
        "$G1[2485..2541]"
    ],
    "strings": {
        "name": {
            "en-GB": "Dirt",
            "de-DE": "Erde",
            "nl-NL": "Modder",
            "pt-BR": "Sujeira",
            "ja-JP": "泥",
            "fr-FR": "Boue",
            "pl-PL": "Ziemia",
            "ko-KR": "진흙",
            "eo-ZZ": "Tero",
            "sv-SE": "Jord",
            "ca-ES": "Terra",
            "fi-FI": "Multa",
            "zh-CN": "泥"
        }
    }
}
