{
    "id": "rct2.terrain_surface.martian",
    "authors": [
        "Chris Sawyer",
        "Simon Foster"
    ],
    "version": "1.0",
    "originalId": "0000008B|#RCT2SMA|00000000",
    "sourceGame": [
        "rct2",
        "rct1"
    ],
    "objectType": "terrain_surface",
    "properties": {
        "price": 100,
        "mapColours": [
            62,
            62
        ],
        "smoothWithOther": true
    },
    "images": [
        "$G1[5583]",
        "$G1[28995..29000]",
        "$G1[2314..2370]"
    ],
    "strings": {
        "name": {
            "en-GB": "Martian",
            "de-DE": "Mars",
            "nl-NL": "Buitenaards",
            "pt-BR": "Marciana",
            "ja-JP": "火星",
            "fr-FR": "Martien",
            "pl-PL": "Mars",
            "ko-KR": "화성",
            "eo-ZZ": "Marsa",
            "sv-SE": "Marsgubbe",
            "ca-ES": "Marcià",
            "fi-FI": "Marsilainen",
            "zh-CN": "火星人"
        }
    }
}
