{
    "id": "rct2.scenery_group.scgsnow",
    "authors": [
        "Chris Sawyer",
        "Simon Foster"
    ],
    "version": "1.0",
    "originalId": "0A188F87|SCGSNOW |255174BF",
    "sourceGame": [
        "rct2",
        "rct1ll"
    ],
    "objectType": "scenery_group",
    "properties": {
        "entries": [
            "rct2.scenery_large.sip",
            "rct2.scenery_small.tsm",
            "rct2.scenery_small.tig",
            "rct2.scenery_small.tsf1",
            "rct2.scenery_small.tsf2",
            "rct2.scenery_small.tsf3",
            "rct2.scenery_small.tsnc",
            "rct2.scenery_small.tsnb",
            "rct2.scenery_wall.wc16",
            "rct2.scenery_wall.wc17",
            "rct2.scenery_wall.wc18",
            "rct2.footpath_item.jumpsnw1",
            "rct2.scenery_small.tcfs",
            "rct2.scenery_small.trfs",
            "rct2.scenery_small.trf3",
            "rct2.scenery_small.tnss",
            "rct2.footpath_banner.bn8",
            "rct2.scenery_wall.wallig16",
            "rct2.scenery_wall.wallig24",
            "rct2.scenery_small.igroof"
        ],
        "priority": 30,
        "entertainerCostumes": "snowman"
    },
    "images": [
        "$RCT2:OBJDATA/SCGSNOW.DAT[0..1]"
    ],
    "strings": {
        "name": {
            "en-GB": "Snow and Ice Theming",
            "fr-FR": "Thème Neige et glace",
            "de-DE": "Schnee- und Eisthema",
            "es-ES": "Temática de nieve y hielo",
            "it-IT": "Tema nevoso/ghiacciato",
            "nl-NL": "Sneeuw- en ijsthema",
            "sv-SE": "Snö- och istema",
            "ko-KR": "눈과 얼음 테마",
            "zh-CN": "冰雪主题",
            "zh-TW": "冰雪主題區",
            "pt-BR": "Temática de Neve e Gelo",
            "cs-CZ": "Ledové a sněhové kulisy",
            "ja-JP": "雪と氷のテーマ",
            "pl-PL": "Wystrój zimowy",
            "ru-RU": "Снег и Лед",
            "eo-ZZ": "Temo de Neĝo kaj Glacio",
            "ca-ES": "Temàtica de neu i gel",
            "fi-FI": "Lumi- ja jääteemaus"
        }
    }
}
