{
    "id": "rct2.scenery_group.scgorien",
    "authors": [
        "Chris Sawyer",
        "Simon Foster"
    ],
    "version": "1.0",
    "originalId": "0A188F87|SCGORIEN|94A48203",
    "sourceGame": [
        "rct2",
        "rct1ll"
    ],
    "objectType": "scenery_group",
    "properties": {
        "entries": [
            "rct2.scenery_large.spg",
            "rct2.scenery_small.tly",
            "rct2.scenery_small.tgg",
            "rct2.scenery_small.toh1",
            "rct2.scenery_small.toh2",
            "rct2.scenery_small.tot1",
            "rct2.scenery_small.tot2",
            "rct2.scenery_small.tos",
            "rct2.scenery_small.tot3",
            "rct2.scenery_small.tot4",
            "rct2.scenery_small.toh3",
            "rct2.scenery_wall.wallpg32",
            "rct2.scenery_small.pagroof1",
            "rct2.footpath_banner.bn7"
        ],
        "priority": 29
    },
    "images": [
        "$RCT2:OBJDATA/SCGORIEN.DAT[0..1]"
    ],
    "strings": {
        "name": {
            "en-GB": "Pagoda Theming",
            "fr-FR": "Thème Pagode",
            "de-DE": "Pagodenthema",
            "es-ES": "Temática de pagoda",
            "it-IT": "Tema pagoda",
            "nl-NL": "Pagodethema",
            "sv-SE": "Pagod-tema",
            "ko-KR": "탑 테마",
            "zh-CN": "塔/凉亭主题",
            "zh-TW": "塔/涼亭主題區",
            "pt-BR": "Temática Oriental",
            "cs-CZ": "Pagoda kulisy",
            "ja-JP": "パゴダのテーマ",
            "pl-PL": "Wystrój japoński",
            "ru-RU": "Пагода",
            "eo-ZZ": "Pagodo-Temo",
            "ca-ES": "Temàtica amb pagodes",
            "fi-FI": "Pagoditeemaus"
        }
    }
}
