{
    "id": "rct2.scenery_group.scgmart",
    "authors": [
        "Chris Sawyer",
        "Simon Foster"
    ],
    "version": "1.0",
    "originalId": "0A188F87|SCGMART |4CDEB2CA",
    "sourceGame": [
        "rct2",
        "rct1"
    ],
    "objectType": "scenery_group",
    "properties": {
        "entries": [
            "rct2.scenery_large.smb",
            "rct2.scenery_small.tmo1",
            "rct2.scenery_small.tmo2",
            "rct2.scenery_small.tmo3",
            "rct2.scenery_small.tmo4",
            "rct2.scenery_small.tmo5",
            "rct2.scenery_large.svlc",
            "rct2.scenery_wall.wmw",
            "rct2.footpath_item.lamp4"
        ],
        "priority": 26,
        "entertainerCostumes": "astronaut"
    },
    "images": [
        "$RCT2:OBJDATA/SCGMART.DAT[0..1]"
    ],
    "strings": {
        "name": {
            "en-GB": "Martian Theming",
            "fr-FR": "Thème Alien",
            "de-DE": "Mars-Thema",
            "es-ES": "Temática marciana",
            "it-IT": "Tema marziano",
            "nl-NL": "Marsthema",
            "sv-SE": "Mars-tema",
            "ko-KR": "화성 테마",
            "zh-CN": "火星主题",
            "zh-TW": "火星人主題區",
            "pt-BR": "Temática Marciana",
            "cs-CZ": "Marťanské kulisy",
            "ja-JP": "火星人風のテーマ",
            "pl-PL": "Wystrój marsjański",
            "ru-RU": "Марс",
            "eo-ZZ": "Marsa Temo",
            "ca-ES": "Temàtica marciana",
            "fi-FI": "Marsilainen teemaus"
        }
    }
}
