{
    "id": "rct2.scenery_group.scgtrees",
    "authors": [
        "Chris Sawyer",
        "Simon Foster"
    ],
    "version": "1.0",
    "originalId": "0A188F87|SCGTREES|0F97D95F",
    "sourceGame": [
        "rct2",
        "rct1"
    ],
    "objectType": "scenery_group",
    "properties": {
        "entries": [
            "rct2.scenery_small.tic",
            "rct2.scenery_small.tlc",
            "rct2.scenery_small.tmc",
            "rct2.scenery_small.tmp",
            "rct2.scenery_small.titc",
            "rct2.scenery_small.tghc",
            "rct2.scenery_small.tac",
            "rct2.scenery_small.tghc2",
            "rct2.scenery_small.tcj",
            "rct2.scenery_small.tmbj",
            "rct2.scenery_small.tcf",
            "rct2.scenery_small.tcl",
            "rct2.scenery_small.trf",
            "rct2.scenery_small.trf2",
            "rct2.scenery_small.tel",
            "rct2.scenery_small.tap",
            "rct2.scenery_small.tsp",
            "rct2.scenery_small.tmzp",
            "rct2.scenery_small.tcrp",
            "rct2.scenery_small.tbp",
            "rct2.scenery_small.tlp",
            "rct2.scenery_small.twp",
            "rct2.scenery_small.tas",
            "rct2.scenery_small.tmg",
            "rct2.scenery_small.tww",
            "rct2.scenery_small.tsb",
            "rct2.scenery_small.tvl",
            "rct2.scenery_small.tcy",
            "rct2.scenery_small.tns",
            "rct2.scenery_small.twn",
            "rct2.scenery_small.tce",
            "rct2.scenery_small.tco",
            "rct2.scenery_small.thl",
            "rct2.scenery_small.tcc",
            "rct2.scenery_small.tf1",
            "rct2.scenery_small.tf2",
            "rct2.scenery_small.tct",
            "rct2.scenery_small.th1",
            "rct2.scenery_small.th2",
            "rct2.scenery_small.tpm",
            "rct2.scenery_small.tropt1"
        ],
        "priority": 1,
        "entertainerCostumes": [
            "panda",
            "tiger",
            "elephant"
        ]
    },
    "images": [
        "$RCT2:OBJDATA/SCGTREES.DAT[0..1]"
    ],
    "strings": {
        "name": {
            "en-GB": "Trees",
            "fr-FR": "Arbres",
            "de-DE": "Bäume",
            "es-ES": "Árboles",
            "it-IT": "Alberi",
            "nl-NL": "Bomen",
            "sv-SE": "Träd",
            "ko-KR": "나무",
            "zh-CN": "树",
            "zh-TW": "樹",
            "pt-BR": "Árvores",
            "cs-CZ": "Stromy",
            "ja-JP": "木",
            "pl-PL": "Drzewa",
            "ru-RU": "Деревья",
            "eo-ZZ": "Arboj",
            "ca-ES": "Arbres",
            "fi-FI": "Puut"
        }
    }
}
