{
    "id": "rct2.scenery_large.scln",
    "authors": [
        "Chris Sawyer",
        "Simon Foster"
    ],
    "version": "1.0",
    "originalId": "0A188C82|SCLN    |FED37D55",
    "sourceGame": [
        "rct2",
        "rct1"
    ],
    "objectType": "scenery_large",
    "properties": {
        "price": 120,
        "removalPrice": -100,
        "cursor": "CURSOR_HOUSE_DOWN",
        "tiles": [
            {
                "x": 0,
                "y": 0,
                "clearance": 40,
                "hasSupports": true,
                "walls": 9
            },
            {
                "x": 0,
                "y": 32,
                "clearance": 40,
                "hasSupports": true,
                "walls": 3
            },
            {
                "x": 32,
                "y": 0,
                "clearance": 40,
                "hasSupports": true,
                "walls": 12
            },
            {
                "x": 32,
                "y": 32,
                "clearance": 40,
                "hasSupports": true,
                "walls": 6
            }
        ]
    },
    "images": [
        "$RCT2:OBJDATA/SCLN.DAT[0..19]"
    ],
    "strings": {
        "name": {
            "en-GB": "Colonnade",
            "de-DE": "Säulengang",
            "es-ES": "Columnata",
            "it-IT": "Colonnato",
            "nl-NL": "Zuilenrij",
            "sv-SE": "Allé",
            "ko-KR": "콜로네이드",
            "zh-CN": "柱廊",
            "zh-TW": "柱廊",
            "pt-BR": "Colunata",
            "cs-CZ": "Kolonáda",
            "ja-JP": "並木",
            "pl-PL": "Kolumnada",
            "ru-RU": "Колоннада",
            "fr-FR": "Colonnade",
            "eo-ZZ": "Kolonaro",
            "ca-ES": "Arcades",
            "fi-FI": "Kolonnadi",
            "ar-EG": "كولانيد"
        }
    }
}
