{
    "id": "rct2.scenery_large.ssr",
    "authors": [
        "Chris Sawyer",
        "Simon Foster"
    ],
    "version": "1.0",
    "originalId": "0A188C82|SSR     |93531AB6",
    "sourceGame": [
        "rct2",
        "rct1ll"
    ],
    "objectType": "scenery_large",
    "properties": {
        "price": 175,
        "removalPrice": -150,
        "cursor": "CURSOR_HOUSE_DOWN",
        "isPhotogenic": true,
        "tiles": [
            {
                "x": 0,
                "y": 0,
                "clearance": 192,
                "hasSupports": true,
                "walls": 9
            },
            {
                "x": 0,
                "y": 32,
                "clearance": 192,
                "hasSupports": true,
                "walls": 3
            },
            {
                "x": 32,
                "y": 0,
                "clearance": 192,
                "hasSupports": true,
                "walls": 12
            },
            {
                "x": 32,
                "y": 32,
                "clearance": 192,
                "hasSupports": true,
                "walls": 6
            }
        ]
    },
    "images": [
        "$RCT2:OBJDATA/SSR.DAT[0..19]"
    ],
    "strings": {
        "name": {
            "en-GB": "Space Rocket",
            "fr-FR": "Fusée spatiale",
            "de-DE": "Weltraumrakete",
            "es-ES": "Cohete espacial",
            "it-IT": "Razzo spaziale",
            "nl-NL": "Ruimteraket",
            "sv-SE": "Rymdraket",
            "ko-KR": "우주 로켓",
            "zh-CN": "太空火箭",
            "zh-TW": "太空火箭",
            "pt-BR": "Foguete Espacial",
            "cs-CZ": "Vesmírná raketa",
            "ja-JP": "宇宙ロケット",
            "pl-PL": "Rakieta kosmiczna",
            "ru-RU": "Ракета",
            "eo-ZZ": "Kosma Raketo",
            "ca-ES": "Coet espacial",
            "fi-FI": "Avaruusraketti",
            "ar-EG": "صاروخ فضائي"
        }
    }
}
