{
    "id": "rct2.scenery_large.smb",
    "authors": [
        "Chris Sawyer",
        "Simon Foster"
    ],
    "version": "1.0",
    "originalId": "0A188C82|SMB     |5D1F686F",
    "sourceGame": [
        "rct2",
        "rct1"
    ],
    "objectType": "scenery_large",
    "properties": {
        "price": 175,
        "removalPrice": -150,
        "cursor": "CURSOR_HOUSE_DOWN",
        "isPhotogenic": true,
        "tiles": [
            {
                "x": 0,
                "y": 0,
                "clearance": 160,
                "hasSupports": true,
                "walls": 9
            },
            {
                "x": 0,
                "y": 32,
                "clearance": 160,
                "hasSupports": true,
                "walls": 3
            },
            {
                "x": 32,
                "y": 0,
                "clearance": 160,
                "hasSupports": true,
                "walls": 12
            },
            {
                "x": 32,
                "y": 32,
                "clearance": 160,
                "hasSupports": true,
                "walls": 6
            }
        ]
    },
    "images": [
        "$RCT2:OBJDATA/SMB.DAT[0..19]"
    ],
    "strings": {
        "name": {
            "en-GB": "Martian Building",
            "fr-FR": "Bâtiment alien",
            "de-DE": "Mars-Gebäude",
            "es-ES": "Edificio marciano",
            "it-IT": "Costruzione marziana",
            "nl-NL": "Buitenaards gebouw",
            "sv-SE": "Marsbyggnad",
            "ko-KR": "화성 건물",
            "zh-CN": "火星-建筑物",
            "zh-TW": "火星人的建築物",
            "pt-BR": "Construção Marciana",
            "cs-CZ": "Marťanská stavba",
            "ja-JP": "火星風の建物",
            "pl-PL": "Budynek Marsjan",
            "ru-RU": "Марсианское здание",
            "eo-ZZ": "Marsa Konstruaĵo",
            "ca-ES": "Edifici marcià",
            "fi-FI": "Marsilainen rakennus"
        }
    }
}
