{
    "id": "rct2.scenery_large.tavern",
    "authors": [
        "Chris Sawyer",
        "Simon Foster"
    ],
    "version": "1.0",
    "originalId": "0A188C82|TAVERN  |AEDAEFB2",
    "sourceGame": "rct2",
    "objectType": "scenery_large",
    "properties": {
        "price": 110,
        "removalPrice": -75,
        "cursor": "CURSOR_HOUSE_DOWN",
        "tiles": [
            {
                "x": 0,
                "y": 0,
                "clearance": 48,
                "hasSupports": true,
                "walls": 9
            },
            {
                "x": 0,
                "y": 32,
                "clearance": 48,
                "hasSupports": true,
                "walls": 3
            },
            {
                "x": 32,
                "y": 0,
                "clearance": 48,
                "hasSupports": true,
                "walls": 12
            },
            {
                "x": 32,
                "y": 32,
                "clearance": 48,
                "hasSupports": true,
                "walls": 6
            }
        ]
    },
    "images": [
        "$RCT2:OBJDATA/TAVERN.DAT[0..19]"
    ],
    "strings": {
        "name": {
            "en-GB": "Tavern",
            "fr-FR": "Taverne",
            "de-DE": "Schenke",
            "es-ES": "Taberna",
            "it-IT": "Taverna",
            "nl-NL": "Herberg",
            "sv-SE": "Värdshus",
            "ko-KR": "터번",
            "zh-CN": "小酒馆",
            "zh-TW": "小酒館",
            "pt-BR": "Taverna",
            "cs-CZ": "Hospoda",
            "ja-JP": "居酒屋",
            "pl-PL": "Karczma",
            "ru-RU": "Кабак",
            "eo-ZZ": "Taverno",
            "ca-ES": "Taverna",
            "fi-FI": "Taverna"
        }
    }
}
