{
    "id": "rct2.scenery_large.smn1",
    "authors": [
        "Chris Sawyer",
        "Simon Foster"
    ],
    "version": "1.0",
    "originalId": "0A188C82|SMN1    |7F66A100",
    "sourceGame": [
        "rct2",
        "rct1"
    ],
    "objectType": "scenery_large",
    "properties": {
        "price": 175,
        "removalPrice": -150,
        "cursor": "CURSOR_HOUSE_DOWN",
        "tiles": [
            {
                "x": 0,
                "y": 0,
                "clearance": 96,
                "hasSupports": true,
                "walls": 9
            },
            {
                "x": 0,
                "y": 32,
                "clearance": 96,
                "hasSupports": true,
                "walls": 3
            },
            {
                "x": 32,
                "y": 0,
                "clearance": 96,
                "hasSupports": true,
                "walls": 8
            },
            {
                "x": 32,
                "y": 32,
                "clearance": 96,
                "hasSupports": true,
                "walls": 2
            },
            {
                "x": 64,
                "y": 0,
                "clearance": 96,
                "hasSupports": true,
                "walls": 12
            },
            {
                "x": 64,
                "y": 32,
                "clearance": 96,
                "hasSupports": true,
                "walls": 6
            }
        ]
    },
    "images": [
        "$RCT2:OBJDATA/SMN1.DAT[0..27]"
    ],
    "strings": {
        "name": {
            "en-GB": "Mine Shaft",
            "fr-FR": "Puits minier",
            "de-DE": "Minenschacht",
            "es-ES": "Pozo minero",
            "it-IT": "Pozzo della miniera",
            "nl-NL": "Mijnschacht",
            "sv-SE": "Gruvschakt",
            "ko-KR": "갱도",
            "zh-CN": "圹坑井状通道",
            "zh-TW": "壙坑井狀通道",
            "pt-BR": "Fosso de Mina",
            "cs-CZ": "Důlní štola",
            "ja-JP": "採掘シャフト",
            "pl-PL": "Szyb kopalniany",
            "ru-RU": "Шахта",
            "eo-ZZ": "Minŝakto",
            "ca-ES": "Pou miner",
            "fi-FI": "Kaivoskuilu"
        }
    }
}
