{
    "id": "rct2.scenery_large.stb1",
    "authors": [
        "Chris Sawyer",
        "Simon Foster"
    ],
    "version": "1.0",
    "originalId": "0A188C82|STB1    |FAB37174",
    "sourceGame": [
        "rct2",
        "rct1ll"
    ],
    "objectType": "scenery_large",
    "properties": {
        "price": 120,
        "removalPrice": -100,
        "cursor": "CURSOR_HOUSE_DOWN",
        "tiles": [
            {
                "x": 0,
                "y": 0,
                "clearance": 72,
                "hasSupports": true
            }
        ]
    },
    "images": [
        "$RCT2:OBJDATA/STB1.DAT[0..7]"
    ],
    "strings": {
        "name": {
            "en-GB": "Castle Tower",
            "fr-FR": "Tour de château",
            "de-DE": "Burgturm",
            "es-ES": "Torre del castillo",
            "it-IT": "Torre del castello",
            "nl-NL": "Kasteeltoren",
            "sv-SE": "Slottstorn",
            "ko-KR": "성탑",
            "zh-CN": "城堡-塔楼",
            "zh-TW": "城堡塔樓",
            "pt-BR": "Torre de Castelo",
            "cs-CZ": "Hradní věž",
            "ja-JP": "城の塔",
            "pl-PL": "Wieża zamkowa",
            "ru-RU": "Башня замка",
            "eo-ZZ": "Turo de Kastelo",
            "ca-ES": "Torre de castell",
            "fi-FI": "Linnan torni",
            "ar-EG": "برج قلعة"
        }
    }
}
