{
    "id": "rct2.station.snow",
    "authors": [
        "Chris Sawyer",
        "Simon Foster"
    ],
    "version": "1.0",
    "originalId": "0000008D|#RCT2STS|00000000",
    "sourceGame": [
        "rct2",
        "rct1ll"
    ],
    "objectType": "station",
    "properties": {
        "height": 35,
        "scrollingMode": 23,
        "hasShelter": true
    },
    "images": [
        "$G1[22824..22839]",
        "$G1[22541..22552]"
    ],
    "strings": {
        "name": {
            "en-GB": "Snow / Ice",
            "de-DE": "Schnee / Eis",
            "it-IT": "Neve / Ghiaccio",
            "nl-NL": "Sneeuw / IJs",
            "ko-KR": "눈 / 얼음",
            "zh-CN": "雪/冰",
            "ar-EG": "ثلج / جليد",
            "nb-NO": "Snø / is",
            "hu-HU": "Havas / jeges",
            "es-ES": "Nieve / Hielo",
            "pt-BR": "Neve / Gelo",
            "ja-JP": "雪",
            "fr-FR": "Neige/glace",
            "pl-PL": "Śnieg / Lód",
            "eo-ZZ": "Neĝo / Glacio",
            "sv-SE": "Snö / is",
            "ca-ES": "Neu / Gel",
            "fi-FI": "Lumi/jää"
        }
    }
}
