{
    "id": "rct2.station.pagoda",
    "authors": [
        "Chris Sawyer",
        "Simon Foster"
    ],
    "version": "1.0",
    "originalId": "0000008D|#RCT2STP|00000000",
    "sourceGame": [
        "rct2",
        "rct1ll"
    ],
    "objectType": "station",
    "properties": {
        "height": 33,
        "scrollingMode": 19,
        "hasShelter": true
    },
    "images": [
        "$G1[22840..22855]",
        "$G1[22553..22564]"
    ],
    "strings": {
        "name": {
            "en-GB": "Pagoda",
            "de-DE": "Pagode",
            "it-IT": "Pagoda",
            "nl-NL": "Pagode",
            "ko-KR": "탑",
            "zh-CN": "塔",
            "ar-EG": "باغودا",
            "nb-NO": "Pagode",
            "hu-HU": "Pagoda",
            "es-ES": "Pagoda",
            "pt-BR": "Pagode",
            "ja-JP": "パゴダ",
            "fr-FR": "Pagode",
            "pl-PL": "Pagoda",
            "eo-ZZ": "Pagodo",
            "sv-SE": "Pagod",
            "fi-FI": "Pagodi"
        }
    }
}
