{
    "id": "rct2.station.castle_grey",
    "authors": [
        "Chris Sawyer",
        "Simon Foster"
    ],
    "version": "1.0",
    "originalId": "0000008D|#RCT2ST3|00000000",
    "sourceGame": [
        "rct2",
        "rct1ll"
    ],
    "objectType": "station",
    "properties": {
        "height": 43,
        "scrollingMode": 19,
        "hasShelter": true
    },
    "images": [
        "$G1[22728..22743]",
        "$G1[22457..22468]"
    ],
    "strings": {
        "name": {
            "en-GB": "Castle (Grey)",
            "en-US": "Castle (Gray)",
            "de-DE": "Burg (grau)",
            "it-IT": "Castello (grigio)",
            "nl-NL": "Kasteel (grijs)",
            "ko-KR": "성 (회색)",
            "zh-CN": "城堡 (灰色)",
            "ar-EG": "قلعة (رمادي)",
            "nb-NO": "Slott (grå)",
            "hu-HU": "Kastély (szürke)",
            "es-ES": "Castillo (gris)",
            "pt-BR": "Castelo (cinza)",
            "ja-JP": "城 (灰色)",
            "fr-FR": "Château (gris)",
            "pl-PL": "Zamek (Szary)",
            "eo-ZZ": "Kastelo (Griza)",
            "sv-SE": "Borg (grå)",
            "ca-ES": "Castell (gris)",
            "fi-FI": "Linna (harmaa)"
        }
    }
}
