{
    "id": "rct2.station.castle_brown",
    "authors": [
        "Chris Sawyer",
        "Simon Foster"
    ],
    "version": "1.0",
    "originalId": "0000008D|#RCT2ST4|00000000",
    "sourceGame": [
        "rct2",
        "rct1ll"
    ],
    "objectType": "station",
    "properties": {
        "height": 43,
        "scrollingMode": 19,
        "hasShelter": true
    },
    "images": [
        "$G1[22712..22727]",
        "$G1[22469..22480]"
    ],
    "strings": {
        "name": {
            "en-GB": "Castle (Brown)",
            "de-DE": "Burg (braun)",
            "it-IT": "Castello (marrone)",
            "nl-NL": "Kasteel (bruin)",
            "ko-KR": "성 (갈색)",
            "zn-CN": "城堡 (棕色)",
            "ar-EG": "قلعة (بني)",
            "nb-NO": "Slott (brun)",
            "hu-HU": "Kastély (barna)",
            "es-ES": "Castillo (marrón)",
            "pt-BR": "Castelo (marrom)",
            "ja-JP": "城 (茶色)",
            "fr-FR": "Château (marron)",
            "pl-PL": "Zamek (Brązowy)",
            "eo-ZZ": "Kastelo (Bruna)",
            "sv-SE": "Borg (brun)",
            "ca-ES": "Castell (marró)",
            "fi-FI": "Linna (ruskea)",
            "zh-CN": "城堡(棕色)"
        }
    }
}
