{
    "id": "rct2.station.log",
    "authors": [
        "Chris Sawyer",
        "Simon Foster"
    ],
    "version": "1.0",
    "originalId": "0000008D|#RCT2STL|00000000",
    "sourceGame": [
        "rct2",
        "rct1ll"
    ],
    "objectType": "station",
    "properties": {
        "height": 32,
        "scrollingMode": 20,
        "hasShelter": true
    },
    "images": [
        "$G1[22744..22759]",
        "$G1[22493..22504]"
    ],
    "strings": {
        "name": {
            "en-GB": "Log Cabin",
            "de-DE": "Blockhütte",
            "it-IT": "Capanna di legno",
            "nl-NL": "Blokhut",
            "ko-KR": "통나무",
            "zh-CN": "木屋",
            "ar-EG": "كوخ خشبي",
            "nb-NO": "Tømmer",
            "hu-HU": "Fakunyhó",
            "es-ES": "Troncos de madera",
            "pt-BR": "Cabine de madeira",
            "ja-JP": "丸太小屋",
            "fr-FR": "Rondins",
            "pl-PL": "Hata z bali",
            "eo-ZZ": "Blokhaŭso",
            "sv-SE": "Timmerkoja",
            "ca-ES": "Cabanya de fusta",
            "fi-FI": "Hirsimökki"
        }
    }
}
