{
    "id": "rct2.station.jungle",
    "authors": [
        "Chris Sawyer",
        "Simon Foster"
    ],
    "version": "1.0",
    "originalId": "0000008D|#RCT2STJ|00000000",
    "sourceGame": [
        "rct2",
        "rct1ll"
    ],
    "objectType": "station",
    "properties": {
        "height": 33,
        "scrollingMode": 19,
        "hasShelter": true
    },
    "images": [
        "$G1[22776..22791]",
        "$G1[22481..22492]"
    ],
    "strings": {
        "name": {
            "en-GB": "Jungle",
            "de-DE": "Dschungel",
            "it-IT": "Giungla",
            "ko-KR": "정글",
            "zh-CN": "丛林",
            "ar-EG": "الادغال",
            "nb-NO": "Jungel",
            "hu-HU": "Dzsungel",
            "es-ES": "Jungla",
            "pt-BR": "Selva",
            "ja-JP": "ジャングル",
            "fr-FR": "Jungle",
            "pl-PL": "Dżungla",
            "eo-ZZ": "Ĝangalo",
            "sv-SE": "Djungel",
            "ca-ES": "Jungla",
            "fi-FI": "Viidakko"
        }
    }
}
