{
    "id": "rct2.station.canvas_tent",
    "authors": [
        "Chris Sawyer",
        "Simon Foster"
    ],
    "version": "1.0",
    "originalId": "0000008D|#RCT2STV|00000000",
    "sourceGame": [
        "rct2",
        "rct1ll"
    ],
    "objectType": "station",
    "properties": {
        "height": 43,
        "scrollingMode": 2,
        "hasShelter": true,
        "hasPrimaryColour": true,
        "hasSecondaryColour": true
    },
    "images": [
        "$G1[22680..22695]",
        "$G1[22445..22456]"
    ],
    "strings": {
        "name": {
            "en-GB": "Canvas Tent",
            "de-DE": "Zelt",
            "it-IT": "Tenda di tela",
            "nl-NL": "Canvastent",
            "ko-KR": "캔버스 텐트",
            "zh-CN": "帆布帐篷",
            "ar-EG": "خيمة قماشية",
            "nb-NO": "Lerret",
            "hu-HU": "Vászonsátor",
            "es-ES": "Carpa de Circo",
            "pt-BR": "Tenda de Tecido",
            "ja-JP": "キャンバス",
            "fr-FR": "Toile",
            "pl-PL": "Namiot",
            "eo-ZZ": "Kanvasa Tendo",
            "sv-SE": "Canvastält",
            "ca-ES": "Carpa de circ",
            "fi-FI": "Kangasteltta"
        }
    }
}
