{
    "id": "rct2.station.plain",
    "authors": [
        "Chris Sawyer",
        "Simon Foster"
    ],
    "version": "1.0",
    "originalId": "0000008D|#RCT2STN|00000000",
    "sourceGame": [
        "rct2",
        "rct1"
    ],
    "objectType": "station",
    "properties": {
        "height": 32,
        "scrollingMode": 2,
        "hasShelter": false
    },
    "images": [
        "$G1[22664..22679]"
    ],
    "strings": {
        "name": {
            "en-GB": "Plain",
            "de-DE": "Schlicht",
            "it-IT": "Standard",
            "nl-NL": "Standaard",
            "ko-KR": "일반",
            "zh-CN": "平地",
            "ar-EG": "عادي",
            "nb-NO": "Standard",
            "hu-HU": "Alap",
            "es-ES": "Típica",
            "pt-BR": "Padrão",
            "ja-JP": "普通",
            "fr-FR": "Basique",
            "pl-PL": "Prosty",
            "eo-ZZ": "Senornama",
            "sv-SE": "Osmyckad",
            "ca-ES": "Senzilla",
            "fi-FI": "Yksinkertainen"
        }
    }
}
