{
    "id": "rct2.station.wooden",
    "authors": [
        "Chris Sawyer",
        "Simon Foster"
    ],
    "version": "1.0",
    "originalId": "0000008D|#RCT2STW|00000000",
    "sourceGame": [
        "rct2",
        "rct1ll"
    ],
    "objectType": "station",
    "properties": {
        "height": 31,
        "scrollingMode": 21,
        "hasShelter": true
    },
    "images": [
        "$G1[22760..22775]",
        "$G1[22433..22444]"
    ],
    "strings": {
        "name": {
            "en-GB": "Wooden",
            "de-DE": "Holz",
            "it-IT": "Legno",
            "nl-NL": "Hout",
            "ko-KR": "나무",
            "zh-CN": "木质",
            "ar-EG": "خشبي",
            "nb-NO": "Tre",
            "hu-HU": "Fa",
            "es-ES": "Madera",
            "pt-BR": "Madeira",
            "ja-JP": "木",
            "fr-FR": "Bois",
            "pl-PL": "Drewno",
            "eo-ZZ": "Ligna",
            "sv-SE": "Trämaterial",
            "ca-ES": "De fusta",
            "fi-FI": "Puinen"
        }
    }
}
