{
    "id": "rct2.scenery_small.wspout",
    "authors": [
        "Chris Sawyer",
        "Simon Foster"
    ],
    "version": "1.0",
    "originalId": "0A188F81|WSPOUT  |8B6F5DFB",
    "sourceGame": "rct2",
    "objectType": "scenery_small",
    "properties": {
        "price": 45,
        "removalPrice": -35,
        "cursor": "CURSOR_STATUE_DOWN",
        "height": 112,
        "animationDelay": 1,
        "animationMask": 15,
        "numFrames": 16,
        "shape": "4/4",
        "SMALL_SCENERY_FLAG_VOFFSET_CENTRE": true,
        "isAnimated": true,
        "isStackable": true,
        "hasNoSupports": true,
        "SMALL_SCENERY_FLAG_VISIBLE_WHEN_ZOOMED": true,
        "frameOffsets": [
            0,
            1,
            2,
            3,
            4,
            5,
            6,
            7,
            8,
            9,
            10,
            11,
            12,
            13,
            14,
            15
        ]
    },
    "images": [
        "$RCT2:OBJDATA/WSPOUT.DAT[0..67]"
    ],
    "strings": {
        "name": {
            "en-GB": "Water Spout",
            "fr-FR": "Petit jet d’eau",
            "de-DE": "Wasserspritzdüse",
            "es-ES": "Surtidor de agua",
            "it-IT": "Grondaia d’acqua",
            "nl-NL": "Waterstraal",
            "sv-SE": "Vattenvirvel",
            "ko-KR": "물 분출",
            "zh-CN": "喷水",
            "zh-TW": "噴水",
            "pt-BR": "Bica de Água",
            "cs-CZ": "Vodní chrlič",
            "ja-JP": "排水管",
            "pl-PL": "×ródełko",
            "ru-RU": "Фонтан",
            "eo-ZZ": "Trombo",
            "ca-ES": "Brollador d’aigua",
            "fi-FI": "Vesipatsas"
        }
    }
}
