{
    "id": "rct2.scenery_small.tsnc",
    "authors": [
        "Chris Sawyer",
        "Simon Foster"
    ],
    "version": "1.0",
    "originalId": "0A188F81|TSNC    |030D3FA4",
    "sourceGame": [
        "rct2",
        "rct1ll"
    ],
    "objectType": "scenery_small",
    "properties": {
        "price": 23,
        "removalPrice": -20,
        "cursor": "CURSOR_HOUSE_DOWN",
        "height": 48,
        "shape": "4/4",
        "requiresFlatSurface": true,
        "isRotatable": true,
        "isStackable": true
    },
    "images": [
        "$RCT2:OBJDATA/TSNC.DAT[0..3]"
    ],
    "strings": {
        "name": {
            "en-GB": "Log Cabin",
            "fr-FR": "Cabane en rondins",
            "de-DE": "Blockhütte",
            "es-ES": "Cabaña de madera",
            "it-IT": "Capanna di legno",
            "nl-NL": "Blokhut",
            "sv-SE": "Timmerkoja",
            "ko-KR": "통나무 집",
            "zh-CN": "木造小屋",
            "zh-TW": "木造小屋",
            "pt-BR": "Cabana de Madeira",
            "cs-CZ": "Dřevostavba",
            "ja-JP": "丸太小屋",
            "pl-PL": "Chata z bali",
            "ru-RU": "Изба",
            "eo-ZZ": "Blokhaŭso",
            "ca-ES": "Cabanya de fusta",
            "fi-FI": "Hirsimökki"
        }
    }
}
