{
    "id": "rct2.scenery_small.tntroof1",
    "authors": [
        "Chris Sawyer",
        "Simon Foster"
    ],
    "version": "1.0",
    "originalId": "0A188E81|TNTROOF1|A0A023D6",
    "sourceGame": "rct2",
    "objectType": "scenery_small",
    "properties": {
        "price": 20,
        "removalPrice": -15,
        "cursor": "CURSOR_HOUSE_DOWN",
        "height": 8,
        "shape": "4/4",
        "SMALL_SCENERY_FLAG_VOFFSET_CENTRE": true,
        "requiresFlatSurface": true,
        "isRotatable": true,
        "hasPrimaryColour": true,
        "isStackable": true,
        "prohibitWalls": true,
        "hasSecondaryColour": true,
        "hasNoSupports": true
    },
    "images": [
        "$RCT2:OBJDATA/TNTROOF1.DAT[0..3]"
    ],
    "strings": {
        "name": {
            "en-GB": "Canvas Roof",
            "fr-FR": "Toit en tissu",
            "de-DE": "Zeltdach",
            "es-ES": "Tejado de lona",
            "it-IT": "Tetto di tela",
            "nl-NL": "Zeildak",
            "sv-SE": "Canvastak",
            "ko-KR": "천막 지붕",
            "zh-CN": "帆布屋顶",
            "zh-TW": "帆布屋頂",
            "pt-BR": "Teto de Lona",
            "cs-CZ": "Plátěná střecha",
            "ja-JP": "キャンバス地の屋根",
            "pl-PL": "Płócienny dach",
            "ru-RU": "Брез. крыша",
            "eo-ZZ": "Kanvasa Tegmento",
            "ca-ES": "Sostre de lona",
            "fi-FI": "Kangaskatto"
        }
    }
}
