{
    "id": "rct2.scenery_small.tjb4",
    "authors": [
        "Chris Sawyer",
        "Simon Foster"
    ],
    "version": "1.0",
    "originalId": "0A188E81|TJB4    |F7A42672",
    "sourceGame": [
        "rct2",
        "rct1aa"
    ],
    "objectType": "scenery_small",
    "properties": {
        "price": 10,
        "removalPrice": 5,
        "cursor": "CURSOR_TREE_DOWN",
        "height": 36,
        "sceneryGroup": "rct2.scenery_group.scgshrub",
        "shape": "1/4"
    },
    "images": [
        "$RCT2:OBJDATA/TJB4.DAT[0..3]"
    ],
    "strings": {
        "name": {
            "en-GB": "Bush",
            "fr-FR": "Buisson",
            "de-DE": "Busch",
            "es-ES": "Matorral",
            "it-IT": "Cespuglio",
            "nl-NL": "Struik",
            "sv-SE": "Buske",
            "ko-KR": "수풀",
            "zh-CN": "灌木",
            "zh-TW": "灌木",
            "pt-BR": "Arbusto",
            "cs-CZ": "Křoví",
            "ja-JP": "低木",
            "pl-PL": "Krzak",
            "ru-RU": "Куст",
            "eo-ZZ": "Arbeto",
            "ca-ES": "Arbust",
            "fi-FI": "Pensas"
        }
    }
}
