{
    "id": "rct2.scenery_small.trf2",
    "authors": [
        "Chris Sawyer",
        "Simon Foster"
    ],
    "version": "1.0",
    "originalId": "0A188E81|TRF2    |23D3C13B",
    "sourceGame": [
        "rct2",
        "rct1"
    ],
    "objectType": "scenery_small",
    "properties": {
        "price": 18,
        "removalPrice": 10,
        "cursor": "CURSOR_TREE_DOWN",
        "height": 112,
        "isTree": true,
        "shape": "1/4",
        "SMALL_SCENERY_FLAG_VOFFSET_CENTRE": true
    },
    "images": [
        "$RCT2:OBJDATA/TRF2.DAT[0..3]"
    ],
    "strings": {
        "name": {
            "en-GB": "Red Fir Tree",
            "fr-FR": "Sapin rouge",
            "de-DE": "Rotkiefer",
            "es-ES": "Abeto rojo",
            "it-IT": "Abete rosso",
            "nl-NL": "Rode spar",
            "sv-SE": "Röd tall",
            "ko-KR": "붉은잣나무",
            "zh-CN": "红杉木树",
            "zh-TW": "紅杉木樹",
            "pt-BR": "Abeto Vermelho",
            "cs-CZ": "Jedle nádherná",
            "ja-JP": "米松",
            "pl-PL": "Daglezja",
            "ru-RU": "Красная ель",
            "eo-ZZ": "Ruĝa Abioarbo",
            "ca-ES": "Avet roig",
            "fi-FI": "Komeapihta"
        }
    }
}
