{
    "id": "rct2.scenery_small.ts6",
    "authors": [
        "Chris Sawyer",
        "Simon Foster"
    ],
    "version": "1.0",
    "originalId": "0A188E81|TS6     |DA49FE5A",
    "sourceGame": [
        "rct2",
        "rct1"
    ],
    "objectType": "scenery_small",
    "properties": {
        "price": 9,
        "removalPrice": 5,
        "cursor": "CURSOR_TREE_DOWN",
        "height": 36,
        "shape": "1/4",
        "SMALL_SCENERY_FLAG_VOFFSET_CENTRE": true,
        "isRotatable": true,
        "isStackable": true
    },
    "images": [
        "$RCT2:OBJDATA/TS6.DAT[0..3]"
    ],
    "strings": {
        "name": {
            "en-GB": "Ornamental Tree",
            "fr-FR": "Arbre ornemental",
            "de-DE": "Zierbaum",
            "es-ES": "Árbol ornamental",
            "it-IT": "Albero ornamentale",
            "nl-NL": "Sierboom",
            "sv-SE": "Prydnadsträd",
            "ko-KR": "장식용 나무",
            "zh-CN": "装饰用的树",
            "zh-TW": "裝飾用的樹",
            "pt-BR": "Árvore Ornamental",
            "cs-CZ": "Ornamentální strom",
            "ja-JP": "装飾用の木",
            "pl-PL": "Drzewo ozdobne",
            "ru-RU": "Дерево",
            "eo-ZZ": "Ornama Arbo",
            "ca-ES": "Arbre ornamental",
            "fi-FI": "Koristepuu"
        }
    }
}
