{
    "id": "rct2.scenery_small.toh3",
    "authors": [
        "Chris Sawyer",
        "Simon Foster"
    ],
    "version": "1.0",
    "originalId": "0A188E81|TOH3    |69D3EF67",
    "sourceGame": [
        "rct2",
        "rct1ll"
    ],
    "objectType": "scenery_small",
    "properties": {
        "price": 25,
        "removalPrice": 10,
        "cursor": "CURSOR_HOUSE_DOWN",
        "height": 56,
        "shape": "4/4",
        "SMALL_SCENERY_FLAG_VOFFSET_CENTRE": true,
        "requiresFlatSurface": true,
        "isRotatable": true,
        "isStackable": true,
        "prohibitWalls": true
    },
    "images": [
        "$RCT2:OBJDATA/TOH3.DAT[0..3]"
    ],
    "strings": {
        "name": {
            "en-GB": "Building",
            "fr-FR": "Bâtiment",
            "de-DE": "Gebäude",
            "es-ES": "Edificio",
            "it-IT": "Edificio",
            "nl-NL": "Gebouw",
            "sv-SE": "Byggnad",
            "ko-KR": "건물",
            "zh-CN": "建筑物",
            "zh-TW": "建築物",
            "pt-BR": "Edifício",
            "cs-CZ": "Budova",
            "ja-JP": "建物",
            "pl-PL": "Budynek",
            "ru-RU": "Здание",
            "eo-ZZ": "Konstruaĵo",
            "ca-ES": "Edifici",
            "fi-FI": "Rakennus"
        }
    }
}
