{
    "id": "rct2.scenery_small.tal",
    "authors": [
        "Chris Sawyer",
        "Simon Foster"
    ],
    "version": "1.0",
    "originalId": "0A188D81|TAL     |0A58F373",
    "sourceGame": [
        "rct2",
        "rct1"
    ],
    "objectType": "scenery_small",
    "properties": {
        "price": 10,
        "removalPrice": 5,
        "cursor": "CURSOR_TREE_DOWN",
        "height": 32,
        "shape": "1/4",
        "SMALL_SCENERY_FLAG_VOFFSET_CENTRE": true,
        "isRotatable": true,
        "isStackable": true
    },
    "images": [
        "$RCT2:OBJDATA/TAL.DAT[0..3]"
    ],
    "strings": {
        "name": {
            "en-GB": "Alligator Shaped Tree",
            "fr-FR": "Arbre alligator",
            "de-DE": "Alligatorförmiger Baum",
            "es-ES": "Árbol con forma de caimán",
            "it-IT": "Albero a forma di alligatore",
            "nl-NL": "Boom in alligatorvorm",
            "sv-SE": "Alligatorformat träd",
            "ko-KR": "악어 모양의 나무",
            "zh-CN": "短吻鳄形的树",
            "zh-TW": "短吻鱷形的樹",
            "pt-BR": "Árvore em Forma de Jacaré",
            "cs-CZ": "Strom ve tvaru aligátora",
            "ja-JP": "ワニの形の木",
            "pl-PL": "Drzewo aligatorowe",
            "ru-RU": "Куст в форме крокодила",
            "eo-ZZ": "Aligatorforma Arbo",
            "ca-ES": "Arbre amb forma d’al·ligàtor",
            "fi-FI": "Alligaattorin muotoinen puu"
        }
    }
}
