{
    "id": "rct2.scenery_small.tk2",
    "authors": [
        "Chris Sawyer",
        "Simon Foster"
    ],
    "version": "1.0",
    "originalId": "0A188E81|TK2     |EF0B08D9",
    "sourceGame": [
        "rct2",
        "rct1"
    ],
    "objectType": "scenery_small",
    "properties": {
        "price": 5,
        "removalPrice": -4,
        "cursor": "CURSOR_STATUE_DOWN",
        "height": 32,
        "shape": "1/4",
        "isRotatable": true,
        "isStackable": true
    },
    "images": [
        "$RCT2:OBJDATA/TK2.DAT[0..3]"
    ],
    "strings": {
        "name": {
            "en-GB": "Black Knight",
            "fr-FR": "Cavalier noir",
            "de-DE": "Schwarzer Springer",
            "es-ES": "Caballero negro",
            "it-IT": "Cavallo nero",
            "nl-NL": "Zwart paard",
            "sv-SE": "Svart springare",
            "ko-KR": "검은색 나이트",
            "zh-CN": "黑棋骑士",
            "zh-TW": "黑棋騎士",
            "pt-BR": "Cavalo Preto",
            "cs-CZ": "Černý kůň",
            "ja-JP": "黒ナイト",
            "pl-PL": "Czarny skoczek",
            "ru-RU": "Чёрный конь",
            "eo-ZZ": "Nigra Kavaliro",
            "ca-ES": "Cavall negre",
            "fi-FI": "Musta ratsu"
        }
    }
}
