{
    "id": "rct2.scenery_small.tww",
    "authors": [
        "Chris Sawyer",
        "Simon Foster"
    ],
    "version": "1.0",
    "originalId": "0A188F81|TWW     |96B22788",
    "sourceGame": [
        "rct2",
        "rct1"
    ],
    "objectType": "scenery_small",
    "properties": {
        "price": 14,
        "removalPrice": 5,
        "cursor": "CURSOR_TREE_DOWN",
        "height": 72,
        "isTree": true,
        "shape": "4/4"
    },
    "images": [
        "$RCT2:OBJDATA/TWW.DAT[0..3]"
    ],
    "strings": {
        "name": {
            "en-GB": "Weeping Willow Tree",
            "fr-FR": "Saule pleureur",
            "de-DE": "Trauerweide",
            "es-ES": "Sauce llorón",
            "it-IT": "Salice piangente",
            "nl-NL": "Treurwilg",
            "sv-SE": "Tårpil",
            "ko-KR": "수양버들",
            "zh-CN": "柳叶树",
            "zh-TW": "柳葉樹",
            "pt-BR": "Árvore Salgueiro-Chorão",
            "cs-CZ": "Vrba",
            "ja-JP": "シダレヤナギ",
            "pl-PL": "Wierzba płacząca",
            "ru-RU": "Плакучая Ива",
            "eo-ZZ": "Plorsalikoarbo",
            "ca-ES": "Salze ploraner",
            "fi-FI": "Itkupaju"
        }
    }
}
