{
    "id": "rct2.scenery_small.twh1",
    "authors": [
        "Chris Sawyer",
        "Simon Foster"
    ],
    "version": "1.0",
    "originalId": "0A188F81|TWH1    |73AA4CC1",
    "sourceGame": [
        "rct2",
        "rct1"
    ],
    "objectType": "scenery_small",
    "properties": {
        "price": 45,
        "removalPrice": -35,
        "cursor": "CURSOR_HOUSE_DOWN",
        "height": 40,
        "shape": "4/4",
        "SMALL_SCENERY_FLAG_VOFFSET_CENTRE": true,
        "requiresFlatSurface": true,
        "isRotatable": true,
        "isStackable": true
    },
    "images": [
        "$RCT2:OBJDATA/TWH1.DAT[0..3]"
    ],
    "strings": {
        "name": {
            "en-GB": "House",
            "fr-FR": "Maison",
            "de-DE": "Haus",
            "es-ES": "Casa",
            "it-IT": "Casa",
            "nl-NL": "Huis",
            "sv-SE": "Hus",
            "ko-KR": "집",
            "zh-CN": "房子",
            "zh-TW": "房子",
            "pt-BR": "Casa",
            "cs-CZ": "Dům",
            "ja-JP": "家",
            "pl-PL": "Dom",
            "ru-RU": "Дом",
            "eo-ZZ": "Domo",
            "ca-ES": "Casa",
            "fi-FI": "Talo"
        }
    }
}
