{
    "id": "rct2.scenery_small.tbc",
    "authors": [
        "Chris Sawyer",
        "Simon Foster"
    ],
    "version": "1.0",
    "originalId": "0A188D81|TBC     |80746509",
    "sourceGame": [
        "rct2",
        "rct1"
    ],
    "objectType": "scenery_small",
    "properties": {
        "price": 11,
        "removalPrice": 5,
        "cursor": "CURSOR_TREE_DOWN",
        "height": 64,
        "shape": "1/4",
        "SMALL_SCENERY_FLAG_VOFFSET_CENTRE": true,
        "isRotatable": true,
        "isStackable": true
    },
    "images": [
        "$RCT2:OBJDATA/TBC.DAT[0..3]"
    ],
    "strings": {
        "name": {
            "en-GB": "Cactus",
            "de-DE": "Kaktus",
            "sv-SE": "Kaktus",
            "ko-KR": "선인장",
            "zh-CN": "仙人掌",
            "zh-TW": "仙人掌",
            "pt-BR": "Cacto",
            "cs-CZ": "Kaktus",
            "ja-JP": "サボテン",
            "pl-PL": "Kaktus",
            "ru-RU": "Кактус",
            "fr-FR": "Cactus",
            "eo-ZZ": "Kakto",
            "fi-FI": "Kaktus"
        }
    }
}
