{
    "id": "rct2.footpath_item.jumpfnt1",
    "authors": [
        "Chris Sawyer",
        "Simon Foster"
    ],
    "version": "1.0",
    "originalId": "0A188786|JUMPFNT1|4B2D41C3",
    "sourceGame": [
        "rct2",
        "rct1"
    ],
    "objectType": "footpath_item",
    "properties": {
        "isJumpingFountainWater": true,
        "renderAs": "fountain",
        "cursor": "CURSOR_FOUNTAIN_DOWN",
        "price": 200,
        "sceneryGroup": "rct2.scenery_group.scgpathx"
    },
    "images": [
        "$RCT2:OBJDATA/JUMPFNT1.DAT[0..4]"
    ],
    "strings": {
        "name": {
            "en-GB": "Jumping Fountains",
            "fr-FR": "Fontaines à jets",
            "de-DE": "Springbrunnen",
            "es-ES": "Fuentes Saltarinas",
            "it-IT": "Fontane zampillanti",
            "nl-NL": "Fonteinen",
            "sv-SE": "Hoppande fontäner",
            "ko-KR": "도약하는 분수",
            "zh-CN": "跳跃喷泉",
            "zh-TW": "跳躍噴泉",
            "pt-BR": "Chafarizes",
            "cs-CZ": "Skákající fontány",
            "ja-JP": "ジャンピング噴水",
            "pl-PL": "Skaczące fontanny",
            "ru-RU": "Фонтаны",
            "ar-EG": "النوافير القافزة",
            "eo-ZZ": "Saltantaj Fontanoj",
            "ca-ES": "Fonts ballarines",
            "fi-FI": "Hyppivät suihkulähteet"
        }
    }
}
