<?xml version="1.0"?>
<!DOCTYPE assetlist>
<!-- Unless specifically mentioned, all assets created by Areldir -->
<assetlist name="Logistics">
	<!-- Note: Roadblock asset and colour variants -->
	<image id="roadblock" src="Roadblock_New_Red" isometric="true"/>
	<image id="roadblock_blue" isometric="true">
		<layer group="this" image="roadblock" x="0" y="0"/>
		<layer src="Roadblock_New_Blue" x="10" y="4"/>
	</image>
	<image id="roadblock_purple" isometric="true">
		<layer group="this" image="roadblock" x="0" y="0"/>
		<layer src="Roadblock_New_Purple" x="10" y="4"/>
	</image>
	<image id="roadblock_green" isometric="true">
		<layer group="this" image="roadblock" x="0" y="0"/>
		<layer src="Roadblock_New_Green" x="10" y="4"/>
	</image>
	<image id="roadblock_yellow" isometric="true">
		<layer group="this" image="roadblock" x="0" y="0"/>
		<layer src="Roadblock_New_Yellow" x="10" y="4"/>
	</image>
	<image id="roadblock_orange" isometric="true">
		<layer group="this" image="roadblock" x="0" y="0"/>
		<layer src="Roadblock_New_Orange" x="10" y="4"/>
	</image>
	<!-- Note: Architect animation frames 01-12 -->
	<image id="Architect 01" src="architect_01"/>
	<image id="Architect 02" src="architect_02"/>
	<image id="Architect 03" src="architect_03"/>
	<image id="Architect 04" src="architect_04"/>
	<image id="Architect 05" src="architect_05"/>
	<image id="Architect 06" src="architect_06"/>
	<image id="Architect 07" src="architect_07"/>
	<image id="Architect 08" src="architect_08"/>
	<image id="Architect 09" src="architect_09"/>
	<image id="Architect 10" src="architect_10"/>
	<image id="Architect 11" src="architect_11"/>
	<image id="Architect 12" src="architect_12"/>
	<!-- Note: Architect ON animation reference DO NOT USE! -->
	<image id="Architects_Guild_On_01" width="75" height="48">
		<layer src="Architects_Guild_On_01" x="2" y="1"/>
		<layer group="this" image="Architect 01" x="36" y="1"/>
	</image>
	<image id="Architects_Guild_On_02" width="75" height="48">
		<layer src="Architects_Guild_On_02" x="2" y="1"/>
		<layer group="this" image="Architect 02" x="36" y="1"/>
	</image>
	<image id="Architects_Guild_On_03" width="75" height="48">
		<layer src="Architects_Guild_On_03" x="2" y="1"/>
		<layer group="this" image="Architect 03" x="36" y="1"/>
	</image>
	<image id="Architects_Guild_On_04" width="75" height="48">
		<layer src="Architects_Guild_On_04" x="2" y="1"/>
		<layer group="this" image="Architect 04" x="36" y="1"/>
	</image>
	<image id="Architects_Guild_On_05" width="75" height="48">
		<layer src="Architects_Guild_On_05" x="2" y="1"/>
		<layer group="this" image="Architect 05" x="36" y="1"/>
	</image>
	<image id="Architects_Guild_On_06" width="75" height="48">
		<layer src="Architects_Guild_On_06" x="2" y="1"/>
		<layer group="this" image="Architect 06" x="36" y="1"/>
	</image>
	<image id="Architects_Guild_On_07" width="75" height="48">
		<layer src="Architects_Guild_On_04" x="2" y="1"/>
		<layer group="this" image="Architect 07" x="36" y="1"/>
	</image>
	<image id="Architects_Guild_On_08" width="75" height="48">
		<layer src="Architects_Guild_On_02" x="2" y="1"/>
		<layer group="this" image="Architect 08" x="36" y="1"/>
	</image>
	<image id="Architects_Guild_On_09" width="75" height="48">
		<layer src="Architects_Guild_On_01" x="2" y="1"/>
		<layer group="this" image="Architect 09" x="36" y="1"/>
	</image>
	<image id="Architects_Guild_On_10" width="75" height="48">
		<layer src="Architects_Guild_On_03" x="2" y="1"/>
		<layer group="this" image="Architect 10" x="36" y="1"/>
	</image>
	<image id="Architects_Guild_On_11" width="75" height="48">
		<layer src="Architects_Guild_On_05" x="2" y="1"/>
		<layer group="this" image="Architect 11" x="36" y="1"/>
	</image>
	<image id="Architects_Guild_On_12" width="75" height="48">
		<layer src="Architects_Guild_On_04" x="2" y="1"/>
		<layer group="this" image="Architect 12" x="36" y="1"/>
	</image>
	<!-- Note: Architect's Guild OFF Variant -->
	<image id="Arch Guild OFF" src="Architects_Guild_OFF" width="118" height="105" isometric="true"/>
	<!-- Note: Architect's Guild ON Variant -->
	<image id="Arch Guild ON" width="118" height="105" isometric="true">
		<layer group="this" image="Arch Guild OFF"/>
		<animation speed="6" x="0" y="57" reversible="false">
			<frame group="this" image="Architects_Guild_On_01"/>
			<frame group="this" image="Architects_Guild_On_02"/>
			<frame group="this" image="Architects_Guild_On_03"/>
			<frame group="this" image="Architects_Guild_On_04"/>
			<frame group="this" image="Architects_Guild_On_05"/>
			<frame group="this" image="Architects_Guild_On_06"/>
			<frame group="this" image="Architects_Guild_On_07"/>
			<frame group="this" image="Architects_Guild_On_08"/>
			<frame group="this" image="Architects_Guild_On_09"/>
			<frame group="this" image="Architects_Guild_On_10"/>
			<frame group="this" image="Architects_Guild_On_11"/>
			<frame group="this" image="Architects_Guild_On_12"/>
		</animation>
	</image>
	<!-- Note: Slave Portrait -->
	<image id="Slave Portrait">
		<layer group="190" image="14"/>
		<layer src="slave_portrait_overlay"/>
	</image>
	<!-- Note: Slave Death animation frames 01-08 -->
	<image id="Slave death 01" src="slave_death_01"/>
	<image id="Slave death 02" src="slave_death_02"/>
	<image id="Slave death 03" src="slave_death_03"/>
	<image id="Slave death 04" src="slave_death_04"/>
	<image id="Slave death 05" src="slave_death_05"/>
	<image id="Slave death 06" src="slave_death_06"/>
	<image id="Slave death 07" src="slave_death_07"/>
	<image id="Slave death 08" src="slave_death_08"/>
	<!-- Note: Slave Walking animation frames NORTH-EAST DIRECTION 01-12 -->
	<image id="Slave NE 01" src="slave_ne_01"/>
	<image id="Slave NE 02" src="slave_ne_02"/>
	<image id="Slave NE 03" src="slave_ne_03"/>
	<image id="Slave NE 04" src="slave_ne_04"/>
	<image id="Slave NE 05" src="slave_ne_05"/>
	<image id="Slave NE 06" src="slave_ne_06"/>
	<image id="Slave NE 07" src="slave_ne_07"/>
	<image id="Slave NE 08" src="slave_ne_08"/>
	<image id="Slave NE 09" src="slave_ne_09"/>
	<image id="Slave NE 10" src="slave_ne_10"/>
	<image id="Slave NE 11" src="slave_ne_11"/>
	<image id="Slave NE 12" src="slave_ne_12"/>
	<!-- Note: Slave Walking animation frames EAST DIRECTION 01-12 -->
	<image id="Slave E 01" src="slave_e_01"/>
	<image id="Slave E 02" src="slave_e_02"/>
	<image id="Slave E 03" src="slave_e_03"/>
	<image id="Slave E 04" src="slave_e_04"/>
	<image id="Slave E 05" src="slave_e_05"/>
	<image id="Slave E 06" src="slave_e_06"/>
	<image id="Slave E 07" src="slave_e_07"/>
	<image id="Slave E 08" src="slave_e_08"/>
	<image id="Slave E 09" src="slave_e_09"/>
	<image id="Slave E 10" src="slave_e_10"/>
	<image id="Slave E 11" src="slave_e_11"/>
	<image id="Slave E 12" src="slave_e_12"/>
	<!-- Note: Slave Walking animation frames SOUTH-EAST DIRECTION 01-12 -->
	<image id="Slave SE 01" src="slave_se_01"/>
	<image id="Slave SE 02" src="slave_se_02"/>
	<image id="Slave SE 03" src="slave_se_03"/>
	<image id="Slave SE 04" src="slave_se_04"/>
	<image id="Slave SE 05" src="slave_se_05"/>
	<image id="Slave SE 06" src="slave_se_06"/>
	<image id="Slave SE 07" src="slave_se_07"/>
	<image id="Slave SE 08" src="slave_se_08"/>
	<image id="Slave SE 09" src="slave_se_09"/>
	<image id="Slave SE 10" src="slave_se_10"/>
	<image id="Slave SE 11" src="slave_se_11"/>
	<image id="Slave SE 12" src="slave_se_12"/>
	<!-- Note: Slave Walking animation frames SOUTH DIRECTION 01-12 -->
	<image id="Slave S 01" src="slave_s_01"/>
	<image id="Slave S 02" src="slave_s_02"/>
	<image id="Slave S 03" src="slave_s_03"/>
	<image id="Slave S 04" src="slave_s_04"/>
	<image id="Slave S 05" src="slave_s_05"/>
	<image id="Slave S 06" src="slave_s_06"/>
	<image id="Slave S 07" src="slave_s_07"/>
	<image id="Slave S 08" src="slave_s_08"/>
	<image id="Slave S 09" src="slave_s_09"/>
	<image id="Slave S 10" src="slave_s_10"/>
	<image id="Slave S 11" src="slave_s_11"/>
	<image id="Slave S 12" src="slave_s_12"/>
	<!-- Note: Slave Walking animation frames SOUTH-WEST DIRECTION 01-12 -->
	<image id="Slave SW 01" src="slave_sw_01"/>
	<image id="Slave SW 02" src="slave_sw_02"/>
	<image id="Slave SW 03" src="slave_sw_03"/>
	<image id="Slave SW 04" src="slave_sw_04"/>
	<image id="Slave SW 05" src="slave_sw_05"/>
	<image id="Slave SW 06" src="slave_sw_06"/>
	<image id="Slave SW 07" src="slave_sw_07"/>
	<image id="Slave SW 08" src="slave_sw_08"/>
	<image id="Slave SW 09" src="slave_sw_09"/>
	<image id="Slave SW 10" src="slave_sw_10"/>
	<image id="Slave SW 11" src="slave_sw_11"/>
	<image id="Slave SW 12" src="slave_sw_12"/>
	<!-- Note: Slave Walking animation frames WEST DIRECTION 01-12 -->
	<image id="Slave W 01" src="slave_w_01"/>
	<image id="Slave W 02" src="slave_w_02"/>
	<image id="Slave W 03" src="slave_w_03"/>
	<image id="Slave W 04" src="slave_w_04"/>
	<image id="Slave W 05" src="slave_w_05"/>
	<image id="Slave W 06" src="slave_w_06"/>
	<image id="Slave W 07" src="slave_w_07"/>
	<image id="Slave W 08" src="slave_w_08"/>
	<image id="Slave W 09" src="slave_w_09"/>
	<image id="Slave W 10" src="slave_w_10"/>
	<image id="Slave W 11" src="slave_w_11"/>
	<image id="Slave W 12" src="slave_w_12"/>
	<!-- Note: Slave Walking animation frames NORTH-WEST DIRECTION 01-12 -->
	<image id="Slave NW 01" src="slave_nw_01"/>
	<image id="Slave NW 02" src="slave_nw_02"/>
	<image id="Slave NW 03" src="slave_nw_03"/>
	<image id="Slave NW 04" src="slave_nw_04"/>
	<image id="Slave NW 05" src="slave_nw_05"/>
	<image id="Slave NW 06" src="slave_nw_06"/>
	<image id="Slave NW 07" src="slave_nw_07"/>
	<image id="Slave NW 08" src="slave_nw_08"/>
	<image id="Slave NW 09" src="slave_nw_09"/>
	<image id="Slave NW 10" src="slave_nw_10"/>
	<image id="Slave NW 11" src="slave_nw_11"/>
	<image id="Slave NW 12" src="slave_nw_12"/>
	<!-- Note: Slave Walking animation frames NORTH DIRECTION 01-12 -->
	<image id="Slave N 01" src="slave_n_01"/>
	<image id="Slave N 02" src="slave_n_02"/>
	<image id="Slave N 03" src="slave_n_03"/>
	<image id="Slave N 04" src="slave_n_04"/>
	<image id="Slave N 05" src="slave_n_05"/>
	<image id="Slave N 06" src="slave_n_06"/>
	<image id="Slave N 07" src="slave_n_07"/>
	<image id="Slave N 08" src="slave_n_08"/>
	<image id="Slave N 09" src="slave_n_09"/>
	<image id="Slave N 10" src="slave_n_10"/>
	<image id="Slave N 11" src="slave_n_11"/>
	<image id="Slave N 12" src="slave_n_12"/>
	<!-- Note: Workcamp Variants for Central, North and South Climates Respectively -->
	<image id="Workcamp Central" src="Workcamp_Central" isometric="true"/>
	<image id="Workcamp North" width="178" height="113" isometric="true">
		<layer group="this" image="Workcamp Central" x="0" y="0"/>
		<layer src="Workcamp_North" x="0" y="57"/>
	</image>
	<image id="Workcamp South" width="178" height="113" isometric="true">
		<layer group="this" image="Workcamp Central" x="0" y="0"/>
		<layer src="Workcamp_South" x="0" y="57"/>
	</image>
	<!-- Note: Caravanserai ON animation references DO NOT USE! -->
	<image id="Caravanserai_CN_On_01" width="238" height="155">
		<layer src="Caravanserai_ON_Base" x="47" y="55"/>
		<layer src="Caravanserai_CN_ON_01" x="86" y="46"/>
	</image>
	<image id="Caravanserai_CN_On_02" width="238" height="155">
		<layer src="Caravanserai_ON_Base" x="47" y="55"/>
		<layer src="Caravanserai_CN_ON_02" x="86" y="46"/>
	</image>
	<image id="Caravanserai_CN_On_03" width="238" height="155">
		<layer src="Caravanserai_ON_Base" x="47" y="55"/>
		<layer src="Caravanserai_CN_ON_03" x="86" y="46"/>
	</image>
	<image id="Caravanserai_S_On_01" width="238" height="155">
		<layer src="Caravanserai_ON_Base" x="47" y="55"/>
		<layer src="Caravanserai_S_ON_01" x="79" y="37"/>
	</image>
	<image id="Caravanserai_S_On_02" width="238" height="155">
		<layer src="Caravanserai_ON_Base" x="47" y="55"/>
		<layer src="Caravanserai_S_On_02" x="79" y="37"/>
	</image>
	<image id="Caravanserai_S_On_03" width="238" height="155">
		<layer src="Caravanserai_ON_Base" x="47" y="55"/>
		<layer src="Caravanserai_S_On_03" x="79" y="37"/>
	</image>
	<!-- Note: Caravanserai OFF Variant for Central, Northern and Southern Climates Respectively -->
	<image id="Caravanserai_C_OFF" width="238" height="155" isometric="true">
		<layer src="Caravanserai_Base" x="0" y="12"/>
		<layer src="Caravanserai_C_Top" x="18" y="7"/>
	</image>
	<image id="Caravanserai_N_OFF" width="238" height="155" isometric="true">
		<layer src="Caravanserai_Base" x="0" y="12"/>
		<layer src="Caravanserai_N_Top" x="18" y="0"/>
	</image>
	<image id="Caravanserai_S_OFF" width="238" height="155" isometric="true">
		<layer src="Caravanserai_Base" x="0" y="12"/>
		<layer src="Caravanserai_S_Top" x="15" y="7"/>
	</image>
	<!-- Note: Caravanserai ON Variant for Central Climate -->
	<image id="Caravanserai_C_ON" width="238" height="155" isometric="true">
		<layer group="this" image="Caravanserai_C_OFF"/>
		<animation speed="8" x="0" y="0" reversible="true">
			<frame group="this" image="Caravanserai_CN_On_01"/>
			<frame group="this" image="Caravanserai_CN_On_02"/>
			<frame group="this" image="Caravanserai_CN_On_03"/>
		</animation>
	</image>
	<!-- Note: Caravanserai ON Variant for Northern Climate -->
	<image id="Caravanserai_N_ON" width="238" height="155" isometric="true">
		<layer group="this" image="Caravanserai_N_OFF"/>
		<animation speed="8" x="0" y="0" reversible="true">
			<frame group="this" image="Caravanserai_CN_On_01"/>
			<frame group="this" image="Caravanserai_CN_On_02"/>
			<frame group="this" image="Caravanserai_CN_On_03"/>
		</animation>
	</image>
	<!-- Note: Caravanserai ON Variant for Southern Climate -->
	<image id="Caravanserai_S_ON" width="238" height="155" isometric="true">
		<layer group="this" image="Caravanserai_S_OFF"/>
		<animation speed="8" x="0" y="0" reversible="true">
			<frame group="this" image="Caravanserai_S_On_01"/>
			<frame group="this" image="Caravanserai_S_On_02"/>
			<frame group="this" image="Caravanserai_S_On_03"/>
		</animation>
	</image>
	<!-- Note: Caravanserai Construction 0% Phase -->
	<image id="Caravanserai Cons" src="Caravanserai_Construction_0%" isometric="true"/>
	<!-- Note: Cart Depot OFF Variants for Central, Northern and Southern Climates Respectively -->
	<image id="Cart Depot C OFF" src="Cart_Depot_OFF_C" isometric="true"/>
	<image id="Cart Depot N OFF" isometric="true">
		<layer group="this" image="Cart Depot C OFF"/>
		<layer src="Cart_Depot_OFF_N" x="0" y="36"/>
	</image>
	<image id="Cart Depot S OFF" isometric="true">
		<layer group="this" image="Cart Depot C OFF"/>
		<layer src="Cart_Depot_OFF_S" x="0" y="36"/>
	</image>
	<!-- Note: Cart Depot ON Variants for Northern, Central and Southern Climates Respectively -->
	<image id="Cart Depot N ON" isometric="true">
		<layer group="this" image="Cart Depot N OFF"/>
		<animation speed="6" x="47" y="31" reversible="false">
			<frame src="Cart_Depot_ON_01"/>
			<frame src="Cart_Depot_ON_02"/>
			<frame src="Cart_Depot_ON_03"/>
			<frame src="Cart_Depot_ON_04"/>
			<frame src="Cart_Depot_ON_05"/>
		</animation>
	</image>
	<image id="Cart Depot C ON" isometric="true">
		<layer group="this" image="Cart Depot C OFF"/>
		<animation speed="6" x="47" y="31" reversible="false">
			<frame src="Cart_Depot_ON_01"/>
			<frame src="Cart_Depot_ON_02"/>
			<frame src="Cart_Depot_ON_03"/>
			<frame src="Cart_Depot_ON_04"/>
			<frame src="Cart_Depot_ON_05"/>
		</animation>
	</image>
	<image id="Cart Depot S ON" isometric="true">
		<layer group="this" image="Cart Depot S OFF"/>
		<animation speed="6" x="47" y="31" reversible="false">
			<frame src="Cart_Depot_ON_01"/>
			<frame src="Cart_Depot_ON_02"/>
			<frame src="Cart_Depot_ON_03"/>
			<frame src="Cart_Depot_ON_04"/>
			<frame src="Cart_Depot_ON_05"/>
		</animation>
	</image>
	<!-- Note: Lighthouse Construction 01-04 are the 0%, 25%, 50%, and 75% construction phases respectively -->
	<image id="Lighthouse Const 01" src="Lighthouse_Construction_01" isometric="true"/>
	<image id="Lighthouse Const 02" src="Lighthouse_Construction_02" isometric="true"/>
	<image id="Lighthouse Const 03" width="178" height="139" isometric="true">
		<layer group="this" image="Lighthouse Const 02" x="0" y="34"/>
		<layer src="Lighthouse_Construction_03" x="55" y="0"/>
	</image>
	<image id="Lighthouse Const 04" width="178" height="198" isometric="true">
		<layer group="this" image="Lighthouse Const 03" x="0" y="59"/>
		<layer src="Lighthouse_Construction_04" x="18" y="0"/>
	</image>
	<!-- Note: Lighthouse OFF Variant -->
	<image id="Lighthouse OFF" src="Lighthouse_OFF" isometric="true"/>
	<!-- Note: Lighthouse ON Variant -->
	<image id="Lighthouse ON" isometric="true">
		<layer group="this" image="Lighthouse OFF"/>
		<animation speed="5" x="78" y="17" reversible="false">
			<frame src="Lighthouse_ON_01"/>
			<frame src="Lighthouse_ON_02"/>
			<frame src="Lighthouse_ON_03"/>
			<frame src="Lighthouse_ON_04"/>
			<frame src="Lighthouse_ON_05"/>
		</animation>
	</image>
	<!-- Note: Fix for flickering upgraded fountain on desert maps (Image provided by Ouaz and crudelios)-->
	<image id="Frame_Flickering_Fix">
		<layer group="53" image="7"/>
		<layer src="Fountain_Color_Fix" x="3" y="23"/>
	</image>
	<image id="Fountain_Desert_Fix" isometric="true">
		<layer group="53"/>
		<animation speed="4" x="9" y="-17" reversible="false">
			<frame group="53" image="1"/>
			<frame group="53" image="2"/>
			<frame group="53" image="3"/>
			<frame group="53" image="4"/>
			<frame group="53" image="5"/>
			<frame group="53" image="6"/>
			<frame group="this" image="Frame_Flickering_Fix"/>
		</animation>
	</image>
	<!-- Warehouse Flags (Assets created by Ouaz) -->
	<image id="Warehouse_Flag_Market_1" src="flag_market_trade_a1"/>
	<image id="Warehouse_Flag_Market">
		<layer group="this" image="Warehouse_Flag_Market_1"/>
		<animation speed="6" reversible="false">
			<frame id="Warehouse_Flag_Market_2" src="flag_market_trade_a2"/>
			<frame id="Warehouse_Flag_Market_3" src="flag_market_trade_a3"/>
			<frame id="Warehouse_Flag_Market_4" src="flag_market_trade_a4"/>
			<frame id="Warehouse_Flag_Market_5" src="flag_market_trade_a5"/>
			<frame id="Warehouse_Flag_Market_6" src="flag_market_trade_a6"/>
			<frame id="Warehouse_Flag_Market_7" src="flag_market_trade_a7"/>
			<frame id="Warehouse_Flag_Market_8" src="flag_market_trade_a8"/>
		</animation>
	</image>
	<image id="Warehouse_Flag_Land_1" src="flag_land_trade_a1"/>
	<image id="Warehouse_Flag_Land">
		<layer group="this" image="Warehouse_Flag_Land_1"/>
		<animation speed="6" reversible="false">
			<frame id="Warehouse_Flag_Land_2" src="flag_land_trade_a2"/>
			<frame id="Warehouse_Flag_Land_3" src="flag_land_trade_a3"/>
			<frame id="Warehouse_Flag_Land_4" src="flag_land_trade_a4"/>
			<frame id="Warehouse_Flag_Land_5" src="flag_land_trade_a5"/>
			<frame id="Warehouse_Flag_Land_6" src="flag_land_trade_a6"/>
			<frame id="Warehouse_Flag_Land_7" src="flag_land_trade_a7"/>
			<frame id="Warehouse_Flag_Land_8" src="flag_land_trade_a8"/>
		</animation>
	</image>
	<image id="Warehouse_Flag_Market_Land_1" src="flag_market_land_trade_a1"/>
	<image id="Warehouse_Flag_Market_Land">
		<layer group="this" image="Warehouse_Flag_Market_Land_1"/>
		<animation speed="6" reversible="false">
			<frame id="Warehouse_Flag_Market_Land_2" src="flag_market_land_trade_a2"/>
			<frame id="Warehouse_Flag_Market_Land_3" src="flag_market_land_trade_a3"/>
			<frame id="Warehouse_Flag_Market_Land_4" src="flag_market_land_trade_a4"/>
			<frame id="Warehouse_Flag_Market_Land_5" src="flag_market_land_trade_a5"/>
			<frame id="Warehouse_Flag_Market_Land_6" src="flag_market_land_trade_a6"/>
			<frame id="Warehouse_Flag_Market_Land_7" src="flag_market_land_trade_a7"/>
			<frame id="Warehouse_Flag_Market_Land_8" src="flag_market_land_trade_a8"/>
		</animation>
	</image>
	<image id="Warehouse_Flag_Sea_1" src="flag_sea_trade_a1"/>
	<image id="Warehouse_Flag_Sea">
		<layer group="this" image="Warehouse_Flag_Sea_1"/>
		<animation speed="6" reversible="false">
			<frame id="Warehouse_Flag_Sea_2" src="flag_sea_trade_a2"/>
			<frame id="Warehouse_Flag_Sea_3" src="flag_sea_trade_a3"/>
			<frame id="Warehouse_Flag_Sea_4" src="flag_sea_trade_a4"/>
			<frame id="Warehouse_Flag_Sea_5" src="flag_sea_trade_a5"/>
			<frame id="Warehouse_Flag_Sea_6" src="flag_sea_trade_a6"/>
			<frame id="Warehouse_Flag_Sea_7" src="flag_sea_trade_a7"/>
			<frame id="Warehouse_Flag_Sea_8" src="flag_sea_trade_a8"/>
		</animation>
	</image>
	<image id="Warehouse_Flag_Market_Sea_1" src="flag_market_sea_trade_a1"/>
	<image id="Warehouse_Flag_Market_Sea">
		<layer group="this" image="Warehouse_Flag_Market_Sea_1"/>
		<animation speed="6" reversible="false">
			<frame id="Warehouse_Flag_Market_Sea_2" src="flag_market_sea_trade_a2"/>
			<frame id="Warehouse_Flag_Market_Sea_3" src="flag_market_sea_trade_a3"/>
			<frame id="Warehouse_Flag_Market_Sea_4" src="flag_market_sea_trade_a4"/>
			<frame id="Warehouse_Flag_Market_Sea_5" src="flag_market_sea_trade_a5"/>
			<frame id="Warehouse_Flag_Market_Sea_6" src="flag_market_sea_trade_a6"/>
			<frame id="Warehouse_Flag_Market_Sea_7" src="flag_market_sea_trade_a7"/>
			<frame id="Warehouse_Flag_Market_Sea_8" src="flag_market_sea_trade_a8"/>
		</animation>
	</image>
	<image id="Warehouse_Flag_Land_Sea_1" src="flag_both_traders_a1"/>
	<image id="Warehouse_Flag_Land_Sea">
		<layer group="this" image="Warehouse_Flag_Land_Sea_1"/>
		<animation speed="6" reversible="false">
			<frame id="Warehouse_Flag_Land_Sea_2" src="flag_both_traders_a2"/>
			<frame id="Warehouse_Flag_Land_Sea_3" src="flag_both_traders_a3"/>
			<frame id="Warehouse_Flag_Land_Sea_4" src="flag_both_traders_a4"/>
			<frame id="Warehouse_Flag_Land_Sea_5" src="flag_both_traders_a5"/>
			<frame id="Warehouse_Flag_Land_Sea_6" src="flag_both_traders_a6"/>
			<frame id="Warehouse_Flag_Land_Sea_7" src="flag_both_traders_a7"/>
			<frame id="Warehouse_Flag_Land_Sea_8" src="flag_both_traders_a8"/>
		</animation>
	</image>
	<image id="Warehouse_Flag_All_1" src="flag_all_traders_a1"/>
	<image id="Warehouse_Flag_All">
		<layer group="this" image="Warehouse_Flag_All_1"/>
		<animation speed="6" reversible="false">
			<frame id="Warehouse_Flag_All_2" src="flag_all_traders_a2"/>
			<frame id="Warehouse_Flag_All_3" src="flag_all_traders_a3"/>
			<frame id="Warehouse_Flag_All_4" src="flag_all_traders_a4"/>
			<frame id="Warehouse_Flag_All_5" src="flag_all_traders_a5"/>
			<frame id="Warehouse_Flag_All_6" src="flag_all_traders_a6"/>
			<frame id="Warehouse_Flag_All_7" src="flag_all_traders_a7"/>
			<frame id="Warehouse_Flag_All_8" src="flag_all_traders_a8"/>
		</animation>
	</image>
	<!-- Note: Builder worker animation frames 01-12 -->
	<image id="Builder_01" src="Builder_01"/>
	<image id="Builder_02" src="Builder_02"/>
	<image id="Builder_03" src="Builder_03"/>
	<image id="Builder_04" src="Builder_04"/>
	<image id="Builder_05" src="Builder_05"/>
	<image id="Builder_06" src="Builder_06"/>
	<image id="Builder_07" src="Builder_07"/>
	<image id="Builder_08" src="Builder_08"/>
	<image id="Builder_09" src="Builder_09"/>
	<image id="Builder_10" src="Builder_10"/>
	<image id="Builder_11" src="Builder_11"/>
	<image id="Builder_12" src="Builder_12"/>
	<!-- Note: Chiselling worker animation frames 01-12 -->
	<image id="Chisel_NE_01" src="Chisel_NE_01"/>
	<image id="Chisel_NE_02" src="Chisel_NE_02"/>
	<image id="Chisel_NE_03" src="Chisel_NE_03"/>
	<image id="Chisel_NE_04" src="Chisel_NE_04"/>
	<image id="Chisel_NE_05" src="Chisel_NE_05"/>
	<image id="Chisel_NE_06" src="Chisel_NE_06"/>
	<image id="Chisel_NE_07" src="Chisel_NE_06"/>
	<image id="Chisel_NE_08" src="Chisel_NE_05"/>
	<image id="Chisel_NE_09" src="Chisel_NE_04"/>
	<image id="Chisel_NE_10" src="Chisel_NE_03"/>
	<image id="Chisel_NE_11" src="Chisel_NE_02"/>
	<image id="Chisel_NE_12" src="Chisel_NE_01"/>
	<!-- Note: Highway sprites (Assets by Marwana, with additions from Areldir and PrettyFlower) -->
	<!-- Note: Highway Placement -->
	<image id="Highway_Placement" width="118" height="60" isometric="true">
		<layer src="Highway_Base_1" x="30"/>
		<layer src="Highway_Base_2" y="15"/>
		<layer src="Highway_Base_3" x="60" y="15"/>
		<layer src="Highway_Base_4" x="30" y="30"/>
	</image>
	<!-- Note: Highway Bases -->
	<image id="Highway_Base_Start" src="Highway_Base_1" isometric="true"/>
	<image src="Highway_Base_2" isometric="true"/>
	<image src="Highway_Base_3" isometric="true"/>
	<image src="Highway_Base_4" isometric="true"/>
	<image src="Highway_Base_5" isometric="true"/>
	<image src="Highway_Base_6" isometric="true"/>
	<image src="Highway_Base_7" isometric="true"/>
	<image src="Highway_Base_8" isometric="true"/>
	<image src="Highway_Base_9" isometric="true"/>
	<image src="Highway_Base_10" isometric="true"/>
	<image src="Highway_Base_11" isometric="true"/>
	<image src="Highway_Base_12" isometric="true"/>
	<image src="Highway_Base_13" isometric="true"/>
	<image src="Highway_Base_14" isometric="true"/>
	<image src="Highway_Base_15" isometric="true"/>
	<image src="Highway_Base_16" isometric="true"/>
	<!-- Note: Highway Straight barriers -->
	<image id="Highway_Barrier_Start" isometric="true" width="58" height="30">
		<layer src="Highway_Barrier_1" x="24" y="11"/>
	</image>
	<image isometric="true" width="58" height="30">
		<layer src="Highway_Barrier_3" x="28"/>
	</image>
	<image isometric="true" width="58" height="30">
		<layer src="Highway_Barrier_4"/>
	</image>
	<image isometric="true" width="58" height="30">
		<layer src="Highway_Barrier_2" y="12"/>
	</image>
	<!-- Note: Highway Corner barriers -->
	<image isometric="true" width="58" height="30">
		<layer src="Highway_Barrier_3" x="28" width="28"/>
		<layer src="Highway_Barrier_1" x="22" y="12" width="33"/>
	</image>
	<image isometric="true" width="58" height="30">
		<layer src="Highway_Barrier_3" x="28"/>
		<layer src="Highway_Barrier_4"/>
	</image>
	<image isometric="true" width="58" height="30">
		<layer src="Highway_Barrier_4"/>
		<layer src="Highway_Barrier_2" x="2" y="13" width="28"/>
	</image>
	<image isometric="true" width="58" height="30">
		<layer src="Highway_Barrier_2" y="12" width="32"/>
		<layer src="Highway_Barrier_1" x="26" y="10" width="32"/>
	</image>
	<!-- Note: Aqueduct bridges without roads underneath -->
	<image id="Aqueduct_Bridge_Left_Water" isometric="true" width="58" height="58">
		<layer group="19"/>
		<layer src="Aqueduct_Mask_Left" y="28" mask="alpha"/>
	</image>
	<image id="Aqueduct_Bridge_Right_Water" isometric="true" width="58" height="57">
		<layer group="19" image="1"/>
		<layer src="Aqueduct_Mask_Right" y="27" mask="alpha"/>
	</image>
	<image id="Aqueduct_Bridge_Left_Empty" isometric="true" width="58" height="58">
		<layer group="19" image="15"/>
		<layer src="Aqueduct_Mask_Left" y="28" mask="alpha"/>
	</image>
	<image id="Aqueduct_Bridge_Right_Empty" isometric="true" width="58" height="57">
		<layer group="19" image="16"/>
		<layer src="Aqueduct_Mask_Right" y="27" mask="alpha"/>
	</image>
</assetlist>