<?xml version="1.0"?>
<!DOCTYPE assetlist>
<!-- Unless specifically mentioned, all assets created by Areldir -->
<assetlist name="Military">
	<!-- Note: Mess Hall Variants for Central, North and South Climates Respectively -->
	<image id="Mess OFF Central" src="Mess_Hall_Central_OFF" isometric="true"/>
	<image id="Mess OFF North" isometric="true">
		<layer group="this" image="Mess OFF Central" x="0" y="0"/>
		<layer src="Mess_Hall_North_OFF" x="0" y="70"/>
	</image>
	<image id="Mess OFF South" isometric="true">
		<layer group="this" image="Mess OFF Central" x="0" y="0"/>
		<layer src="Mess_Hall_South_OFF" x="0" y="70"/>
	</image>
	<!-- Note: Mess Hall ON animation reference DO NOT USE! -->
	<image id="Mess_Hall_Anim_01" width="178" height="121">
		<layer src="Mess_Hall_ON" x="12" y="62"/>
		<layer src="Mess_Hall_Anim_01" x="70" y="48"/>
		<layer src="Watchtower_ON_01" x="129" y="67"/>
		<layer src="Watchtower_ON_01" x="169" y="48"/>
	</image>
	<image id="Mess_Hall_Anim_02" width="178" height="121">
		<layer src="Mess_Hall_ON" x="12" y="62"/>
		<layer src="Mess_Hall_Anim_02" x="70" y="48"/>
		<layer src="Watchtower_ON_02" x="129" y="67"/>
		<layer src="Watchtower_ON_02" x="169" y="48"/>
	</image>
	<image id="Mess_Hall_Anim_03" width="178" height="121">
		<layer src="Mess_Hall_ON" x="12" y="62"/>
		<layer src="Mess_Hall_Anim_03" x="70" y="48"/>
		<layer src="Watchtower_ON_03" x="129" y="67"/>
		<layer src="Watchtower_ON_03" x="169" y="48"/>
	</image>
	<image id="Mess_Hall_Anim_04" width="178" height="121">
		<layer src="Mess_Hall_ON" x="12" y="62"/>
		<layer src="Mess_Hall_Anim_04" x="70" y="48"/>
		<layer src="Watchtower_ON_04" x="129" y="67"/>
		<layer src="Watchtower_ON_04" x="169" y="48"/>
	</image>
	<image id="Mess_Hall_Anim_05" width="178" height="121">
		<layer src="Mess_Hall_ON" x="12" y="62"/>
		<layer src="Mess_Hall_Anim_05" x="70" y="48"/>
		<layer src="Watchtower_ON_05" x="129" y="67"/>
		<layer src="Watchtower_ON_05" x="169" y="48"/>
	</image>
	<!-- Note: Mess Hall ON Animations for Central, North and South Climates Respectively -->
	<image id="Mess ON Central" isometric="true">
		<layer group="this" image="Mess OFF Central"/>
		<animation speed="6" x="0" y="0" reversible="false">
			<frame group="this" image="Mess_Hall_Anim_01"/>
			<frame group="this" image="Mess_Hall_Anim_02"/>
			<frame group="this" image="Mess_Hall_Anim_03"/>
			<frame group="this" image="Mess_Hall_Anim_04"/>
			<frame group="this" image="Mess_Hall_Anim_05"/>
		</animation>
	</image>
	<image id="Mess ON North" isometric="true">
		<layer group="this" image="Mess OFF North"/>
		<animation speed="6" x="0" y="0" reversible="false">
			<frame group="this" image="Mess_Hall_Anim_01"/>
			<frame group="this" image="Mess_Hall_Anim_02"/>
			<frame group="this" image="Mess_Hall_Anim_03"/>
			<frame group="this" image="Mess_Hall_Anim_04"/>
			<frame group="this" image="Mess_Hall_Anim_05"/>
		</animation>
	</image>
	<image id="Mess ON South" isometric="true">
		<layer group="this" image="Mess OFF South"/>
		<animation speed="6" x="0" y="0" reversible="false">
			<frame group="this" image="Mess_Hall_Anim_01"/>
			<frame group="this" image="Mess_Hall_Anim_02"/>
			<frame group="this" image="Mess_Hall_Anim_03"/>
			<frame group="this" image="Mess_Hall_Anim_04"/>
			<frame group="this" image="Mess_Hall_Anim_05"/>
		</animation>
	</image>
	<!-- Note: Mess Hall Walker Portrait -->
	<image id="M Hall Portrait">
		<layer group="190" image="14"/>
		<layer src="mess_walker_portrait_overlay"/>
	</image>
	<!-- Note: Mess Hall Walker Death animation frames 01-08 -->
	<image id="M Hall death 01" src="mess_walker_death_01"/>
	<image id="M Hall death 02" src="mess_walker_death_02"/>
	<image id="M Hall death 03" src="mess_walker_death_03"/>
	<image id="M Hall death 04" src="mess_walker_death_04"/>
	<image id="M Hall death 05" src="mess_walker_death_05"/>
	<image id="M Hall death 06" src="mess_walker_death_06"/>
	<image id="M Hall death 07" src="mess_walker_death_07"/>
	<image id="M Hall death 08" src="mess_walker_death_08"/>
	<!-- Note: Mess Hall Walker Walking animation frames NORTH-EAST DIRECTION 01-12 -->
	<image id="M Hall NE 01" src="mess_walker_ne_01"/>
	<image id="M Hall NE 02" src="mess_walker_ne_02"/>
	<image id="M Hall NE 03" src="mess_walker_ne_03"/>
	<image id="M Hall NE 04" src="mess_walker_ne_04"/>
	<image id="M Hall NE 05" src="mess_walker_ne_05"/>
	<image id="M Hall NE 06" src="mess_walker_ne_06"/>
	<image id="M Hall NE 07" src="mess_walker_ne_07"/>
	<image id="M Hall NE 08" src="mess_walker_ne_08"/>
	<image id="M Hall NE 09" src="mess_walker_ne_09"/>
	<image id="M Hall NE 10" src="mess_walker_ne_10"/>
	<image id="M Hall NE 11" src="mess_walker_ne_11"/>
	<image id="M Hall NE 12" src="mess_walker_ne_12"/>
	<!-- Note: Mess Hall Walker Walking animation frames EAST DIRECTION 01-12 -->
	<image id="M Hall E 01" src="mess_walker_e_01"/>
	<image id="M Hall E 02" src="mess_walker_e_02"/>
	<image id="M Hall E 03" src="mess_walker_e_03"/>
	<image id="M Hall E 04" src="mess_walker_e_04"/>
	<image id="M Hall E 05" src="mess_walker_e_05"/>
	<image id="M Hall E 06" src="mess_walker_e_06"/>
	<image id="M Hall E 07" src="mess_walker_e_07"/>
	<image id="M Hall E 08" src="mess_walker_e_08"/>
	<image id="M Hall E 09" src="mess_walker_e_09"/>
	<image id="M Hall E 10" src="mess_walker_e_10"/>
	<image id="M Hall E 11" src="mess_walker_e_11"/>
	<image id="M Hall E 12" src="mess_walker_e_12"/>
	<!-- Note: Mess Hall Walker Walking animation frames SOUTH-EAST DIRECTION 01-12 -->
	<image id="M Hall SE 01" src="mess_walker_se_01"/>
	<image id="M Hall SE 02" src="mess_walker_se_02"/>
	<image id="M Hall SE 03" src="mess_walker_se_03"/>
	<image id="M Hall SE 04" src="mess_walker_se_04"/>
	<image id="M Hall SE 05" src="mess_walker_se_05"/>
	<image id="M Hall SE 06" src="mess_walker_se_06"/>
	<image id="M Hall SE 07" src="mess_walker_se_07"/>
	<image id="M Hall SE 08" src="mess_walker_se_08"/>
	<image id="M Hall SE 09" src="mess_walker_se_09"/>
	<image id="M Hall SE 10" src="mess_walker_se_10"/>
	<image id="M Hall SE 11" src="mess_walker_se_11"/>
	<image id="M Hall SE 12" src="mess_walker_se_12"/>
	<!-- Note: Mess Hall Walker Walking animation frames SOUTH DIRECTION 01-12 -->
	<image id="M Hall S 01" src="mess_walker_s_01"/>
	<image id="M Hall S 02" src="mess_walker_s_02"/>
	<image id="M Hall S 03" src="mess_walker_s_03"/>
	<image id="M Hall S 04" src="mess_walker_s_04"/>
	<image id="M Hall S 05" src="mess_walker_s_05"/>
	<image id="M Hall S 06" src="mess_walker_s_06"/>
	<image id="M Hall S 07" src="mess_walker_s_07"/>
	<image id="M Hall S 08" src="mess_walker_s_08"/>
	<image id="M Hall S 09" src="mess_walker_s_09"/>
	<image id="M Hall S 10" src="mess_walker_s_10"/>
	<image id="M Hall S 11" src="mess_walker_s_11"/>
	<image id="M Hall S 12" src="mess_walker_s_12"/>
	<!-- Note: Mess Hall Walker Walking animation frames SOUTH-WEST DIRECTION 01-12 -->
	<image id="M Hall SW 01" src="mess_walker_sw_01"/>
	<image id="M Hall SW 02" src="mess_walker_sw_02"/>
	<image id="M Hall SW 03" src="mess_walker_sw_03"/>
	<image id="M Hall SW 04" src="mess_walker_sw_04"/>
	<image id="M Hall SW 05" src="mess_walker_sw_05"/>
	<image id="M Hall SW 06" src="mess_walker_sw_06"/>
	<image id="M Hall SW 07" src="mess_walker_sw_07"/>
	<image id="M Hall SW 08" src="mess_walker_sw_08"/>
	<image id="M Hall SW 09" src="mess_walker_sw_09"/>
	<image id="M Hall SW 10" src="mess_walker_sw_10"/>
	<image id="M Hall SW 11" src="mess_walker_sw_11"/>
	<image id="M Hall SW 12" src="mess_walker_sw_12"/>
	<!-- Note: Mess Hall Walker Walking animation frames WEST DIRECTION 01-12 -->
	<image id="M Hall W 01" src="mess_walker_w_01"/>
	<image id="M Hall W 02" src="mess_walker_w_02"/>
	<image id="M Hall W 03" src="mess_walker_w_03"/>
	<image id="M Hall W 04" src="mess_walker_w_04"/>
	<image id="M Hall W 05" src="mess_walker_w_05"/>
	<image id="M Hall W 06" src="mess_walker_w_06"/>
	<image id="M Hall W 07" src="mess_walker_w_07"/>
	<image id="M Hall W 08" src="mess_walker_w_08"/>
	<image id="M Hall W 09" src="mess_walker_w_09"/>
	<image id="M Hall W 10" src="mess_walker_w_10"/>
	<image id="M Hall W 11" src="mess_walker_w_11"/>
	<image id="M Hall W 12" src="mess_walker_w_12"/>
	<!-- Note: Mess Hall Walker Walking animation frames NORTH-WEST DIRECTION 01-12 -->
	<image id="M Hall NW 01" src="mess_walker_nw_01"/>
	<image id="M Hall NW 02" src="mess_walker_nw_02"/>
	<image id="M Hall NW 03" src="mess_walker_nw_03"/>
	<image id="M Hall NW 04" src="mess_walker_nw_04"/>
	<image id="M Hall NW 05" src="mess_walker_nw_05"/>
	<image id="M Hall NW 06" src="mess_walker_nw_06"/>
	<image id="M Hall NW 07" src="mess_walker_nw_07"/>
	<image id="M Hall NW 08" src="mess_walker_nw_08"/>
	<image id="M Hall NW 09" src="mess_walker_nw_09"/>
	<image id="M Hall NW 10" src="mess_walker_nw_10"/>
	<image id="M Hall NW 11" src="mess_walker_nw_11"/>
	<image id="M Hall NW 12" src="mess_walker_nw_12"/>
	<!-- Note: Mess Hall Walker Walking animation frames NORTH DIRECTION 01-12 -->
	<image id="M Hall N 01" src="mess_walker_n_01"/>
	<image id="M Hall N 02" src="mess_walker_n_02"/>
	<image id="M Hall N 03" src="mess_walker_n_03"/>
	<image id="M Hall N 04" src="mess_walker_n_04"/>
	<image id="M Hall N 05" src="mess_walker_n_05"/>
	<image id="M Hall N 06" src="mess_walker_n_06"/>
	<image id="M Hall N 07" src="mess_walker_n_07"/>
	<image id="M Hall N 08" src="mess_walker_n_08"/>
	<image id="M Hall N 09" src="mess_walker_n_09"/>
	<image id="M Hall N 10" src="mess_walker_n_10"/>
	<image id="M Hall N 11" src="mess_walker_n_11"/>
	<image id="M Hall N 12" src="mess_walker_n_12"/>
	<!-- Note: Watchtower ON animation reference DO NOT USE! -->
	<image id="Watchtower_ON_01" width="118" height="106">
		<layer src="Watchtower_ON_Static" x="82" y="49"/>
		<layer src="Watchtower_ON_01" x="56" y="66"/>
	</image>
	<image id="Watchtower_ON_02" width="118" height="106">
		<layer src="Watchtower_ON_Static" x="82" y="49"/>
		<layer src="Watchtower_ON_02" x="56" y="66"/>
	</image>
	<image id="Watchtower_ON_03" width="118" height="106">
		<layer src="Watchtower_ON_Static" x="82" y="49"/>
		<layer src="Watchtower_ON_03" x="56" y="66"/>
	</image>
	<image id="Watchtower_ON_04" width="118" height="106">
		<layer src="Watchtower_ON_Static" x="82" y="49"/>
		<layer src="Watchtower_ON_04" x="56" y="66"/>
	</image>
	<image id="Watchtower_ON_05" width="118" height="106">
		<layer src="Watchtower_ON_Static" x="82" y="49"/>
		<layer src="Watchtower_ON_05" x="56" y="66"/>
	</image>
	<image id="Watchtower_ON_01_r" width="118" height="106">
		<layer src="Watchtower_ON_Static" x="7" y="49"/>
		<layer src="Watchtower_ON_01" x="54" y="66" invert="horizontal"/>
	</image>
	<image id="Watchtower_ON_02_r" width="118" height="106">
		<layer src="Watchtower_ON_Static" x="7" y="49"/>
		<layer src="Watchtower_ON_02" x="54" y="66" invert="horizontal"/>
	</image>
	<image id="Watchtower_ON_03_r" width="118" height="106">
		<layer src="Watchtower_ON_Static" x="7" y="49"/>
		<layer src="Watchtower_ON_03" x="54" y="66" invert="horizontal"/>
	</image>
	<image id="Watchtower_ON_04_r" width="118" height="106">
		<layer src="Watchtower_ON_Static" x="7" y="49"/>
		<layer src="Watchtower_ON_04" x="54" y="66" invert="horizontal"/>
	</image>
	<image id="Watchtower_ON_05_r" width="118" height="106">
		<layer src="Watchtower_ON_Static" x="7" y="49"/>
		<layer src="Watchtower_ON_05" x="54" y="66" invert="horizontal"/>
	</image>
	<!-- Note: Watchtower OFF and ON states for Central Climate Respectively -->
	<image id="Watchtower C OFF" src="Watchtower_Central_OFF" isometric="true"/>
	<image id="Watchtower C ON" isometric="true">
		<layer group="this" image="Watchtower C OFF"/>
		<animation speed="8" x="0" y="0" reversible="false">
			<frame group="this" image="Watchtower_ON_01"/>
			<frame group="this" image="Watchtower_ON_02"/>
			<frame group="this" image="Watchtower_ON_03"/>
			<frame group="this" image="Watchtower_ON_04"/>
			<frame group="this" image="Watchtower_ON_05"/>
		</animation>
	</image>
	<!-- Note: Watchtower OFF and ON states for North Climate Respectively -->
	<image id="Watchtower N OFF" src="Watchtower_North_OFF" isometric="true"/>
	<image id="Watchtower N ON" isometric="true">
		<layer group="this" image="Watchtower N OFF"/>
		<animation speed="8" x="0" y="0" reversible="false">
			<frame group="this" image="Watchtower_ON_01"/>
			<frame group="this" image="Watchtower_ON_02"/>
			<frame group="this" image="Watchtower_ON_03"/>
			<frame group="this" image="Watchtower_ON_04"/>
			<frame group="this" image="Watchtower_ON_05"/>
		</animation>
	</image>
	<!-- Note: Watchtower OFF and ON states for South Climate Respectively -->
	<image id="Watchtower S OFF" src="Watchtower_South_OFF" isometric="true"/>
	<image id="Watchtower S ON" isometric="true">
		<layer group="this" image="Watchtower S OFF"/>
		<animation speed="8" x="0" y="0" reversible="false">
			<frame group="this" image="Watchtower_ON_01"/>
			<frame group="this" image="Watchtower_ON_02"/>
			<frame group="this" image="Watchtower_ON_03"/>
			<frame group="this" image="Watchtower_ON_04"/>
			<frame group="this" image="Watchtower_ON_05"/>
		</animation>
	</image>
	<!-- Note: ROTATED Watchtower OFF and ON states for Central Climate Respectively -->
	<image id="Watchtower C OFF R" src="Watchtower_Central_OFF_r" isometric="true"/>
	<image id="Watchtower C ON R" isometric="true">
		<layer group="this" image="Watchtower C OFF R"/>
		<animation speed="8" x="0" y="0" reversible="false">
			<frame group="this" image="Watchtower_ON_01_r"/>
			<frame group="this" image="Watchtower_ON_02_r"/>
			<frame group="this" image="Watchtower_ON_03_r"/>
			<frame group="this" image="Watchtower_ON_04_r"/>
			<frame group="this" image="Watchtower_ON_05_r"/>
		</animation>
	</image>
	<!-- Note: ROTATED Watchtower OFF and ON states for North Climate Respectively -->
	<image id="Watchtower N OFF R" src="Watchtower_North_OFF_r" isometric="true"/>
	<image id="Watchtower N ON R" isometric="true">
		<layer group="this" image="Watchtower N OFF R"/>
		<animation speed="8" x="0" y="0" reversible="false">
			<frame group="this" image="Watchtower_ON_01_r"/>
			<frame group="this" image="Watchtower_ON_02_r"/>
			<frame group="this" image="Watchtower_ON_03_r"/>
			<frame group="this" image="Watchtower_ON_04_r"/>
			<frame group="this" image="Watchtower_ON_05_r"/>
		</animation>
	</image>
	<!-- Note: ROTATED Watchtower OFF and ON states for South Climate Respectively -->
	<image id="Watchtower S OFF R" src="Watchtower_South_OFF_r" isometric="true"/>
	<image id="Watchtower S ON R" isometric="true">
		<layer group="this" image="Watchtower S OFF R"/>
		<animation speed="8" x="0" y="0" reversible="false">
			<frame group="this" image="Watchtower_ON_01_r"/>
			<frame group="this" image="Watchtower_ON_02_r"/>
			<frame group="this" image="Watchtower_ON_03_r"/>
			<frame group="this" image="Watchtower_ON_04_r"/>
			<frame group="this" image="Watchtower_ON_05_r"/>
		</animation>
	</image>
	<!-- Note: Walled Watchtower Variant ON animation reference DO NOT USE! -->
	<image id="WT_W_ON_01" width="118" height="97">
		<layer src="Watchtower_ON_Static" x="39" y="57"/>
		<layer src="Watchtower_ON_01" x="96" y="37"/>
	</image>
	<image id="WT_W_ON_02" width="118" height="97">
		<layer src="Watchtower_ON_Static" x="39" y="57"/>
		<layer src="Watchtower_ON_02" x="96" y="37"/>
	</image>
	<image id="WT_W_ON_03" width="118" height="97">
		<layer src="Watchtower_ON_Static" x="39" y="57"/>
		<layer src="Watchtower_ON_03" x="96" y="37"/>
	</image>
	<image id="WT_W_ON_04" width="118" height="97">
		<layer src="Watchtower_ON_Static" x="39" y="57"/>
		<layer src="Watchtower_ON_04" x="96" y="37"/>
	</image>
	<image id="WT_W_ON_05" width="118" height="97">
		<layer src="Watchtower_ON_Static" x="39" y="57"/>
		<layer src="Watchtower_ON_05" x="96" y="37"/>
	</image>
	<image id="WT_W_ON_01_r" width="118" height="97">
		<layer src="Watchtower_ON_Static" x="50" y="57"/>
		<layer src="Watchtower_ON_01" x="14" y="37" invert="horizontal"/>
	</image>
	<image id="WT_W_ON_02_r" width="118" height="97">
		<layer src="Watchtower_ON_Static" x="50" y="57"/>
		<layer src="Watchtower_ON_02" x="14" y="37" invert="horizontal"/>
	</image>
	<image id="WT_W_ON_03_r" width="118" height="97">
		<layer src="Watchtower_ON_Static" x="50" y="57"/>
		<layer src="Watchtower_ON_03" x="14" y="37" invert="horizontal"/>
	</image>
	<image id="WT_W_ON_04_r" width="118" height="97">
		<layer src="Watchtower_ON_Static" x="50" y="57"/>
		<layer src="Watchtower_ON_04" x="14" y="37" invert="horizontal"/>
	</image>
	<image id="WT_W_ON_05_r" width="118" height="97">
		<layer src="Watchtower_ON_Static" x="50" y="57"/>
		<layer src="Watchtower_ON_05" x="14" y="37" invert="horizontal"/>
	</image>
	<!-- Note: Walled Watchtower Variant OFF and ON states for Central Climate -->
	<image id="Watchtower_W_C_OFF" width="118" height="97" isometric="true">
		<layer src="Palisade_Terrain_C" x="0" y="52"/>
		<layer src="Palisade_Terrain_C" x="30" y="67"/>
		<layer src="Palisade_Terrain_C" x="60" y="52"/>
		<layer src="Watchtower_Walled" x="0" y="0"/>
	</image>
	<image id="Watchtower_W_C_ON" width="118" height="97" isometric="true">
		<layer group="this" image="Watchtower_W_C_OFF"/>
		<animation speed="8" x="0" y="0" reversible="false">
			<frame group="this" image="WT_W_ON_01"/>
			<frame group="this" image="WT_W_ON_02"/>
			<frame group="this" image="WT_W_ON_03"/>
			<frame group="this" image="WT_W_ON_04"/>
			<frame group="this" image="WT_W_ON_05"/>
		</animation>
	</image>
	<!-- Note: Walled Watchtower Variant OFF and ON states for Northern Climate -->
	<image id="Watchtower_W_N_OFF" width="118" height="97" isometric="true">
		<layer src="Palisade_Terrain_N" x="0" y="52"/>
		<layer src="Palisade_Terrain_N" x="30" y="67"/>
		<layer src="Palisade_Terrain_N" x="60" y="52"/>
		<layer src="Watchtower_Walled" x="0" y="0"/>
	</image>
	<image id="Watchtower_W_N_ON" width="118" height="97" isometric="true">
		<layer group="this" image="Watchtower_W_N_OFF"/>
		<animation speed="8" x="0" y="0" reversible="false">
			<frame group="this" image="WT_W_ON_01"/>
			<frame group="this" image="WT_W_ON_02"/>
			<frame group="this" image="WT_W_ON_03"/>
			<frame group="this" image="WT_W_ON_04"/>
			<frame group="this" image="WT_W_ON_05"/>
		</animation>
	</image>
	<!-- Note: Walled Watchtower Variant OFF and ON states for Southern Climate -->
	<image id="Watchtower_W_S_OFF" width="118" height="97" isometric="true">
		<layer src="Palisade_Terrain_S" x="0" y="52"/>
		<layer src="Palisade_Terrain_S" x="30" y="67"/>
		<layer src="Palisade_Terrain_S" x="60" y="52"/>
		<layer src="Watchtower_Walled" x="0" y="0"/>
	</image>
	<image id="Watchtower_W_S_ON" width="118" height="97" isometric="true">
		<layer group="this" image="Watchtower_W_S_OFF"/>
		<animation speed="8" x="0" y="0" reversible="false">
			<frame group="this" image="WT_W_ON_01"/>
			<frame group="this" image="WT_W_ON_02"/>
			<frame group="this" image="WT_W_ON_03"/>
			<frame group="this" image="WT_W_ON_04"/>
			<frame group="this" image="WT_W_ON_05"/>
		</animation>
	</image>
	<!-- Note: ROTATED Walled Watchtower Variant OFF and ON states for Central Climate -->
	<image id="Watchtower_W_C_OFF_R" width="118" height="97" isometric="true">
		<layer src="Palisade_Terrain_C" x="0" y="52"/>
		<layer src="Palisade_Terrain_C" x="30" y="67"/>
		<layer src="Palisade_Terrain_C" x="60" y="52"/>
		<layer src="Watchtower_Walled_R" x="0" y="0"/>
	</image>
	<image id="Watchtower_W_C_ON_R" width="118" height="97" isometric="true">
		<layer group="this" image="Watchtower_W_C_OFF_R"/>
		<animation speed="8" x="0" y="0" reversible="false">
			<frame group="this" image="WT_W_ON_01_r"/>
			<frame group="this" image="WT_W_ON_02_r"/>
			<frame group="this" image="WT_W_ON_03_r"/>
			<frame group="this" image="WT_W_ON_04_r"/>
			<frame group="this" image="WT_W_ON_05_r"/>
		</animation>
	</image>
	<!-- Note: ROTATED Walled Watchtower Variant OFF and ON states for Northern Climate -->
	<image id="Watchtower_W_N_OFF_R" width="118" height="97" isometric="true">
		<layer src="Palisade_Terrain_N" x="0" y="52"/>
		<layer src="Palisade_Terrain_N" x="30" y="67"/>
		<layer src="Palisade_Terrain_N" x="60" y="52"/>
		<layer src="Watchtower_Walled_R" x="0" y="0"/>
	</image>
	<image id="Watchtower_W_N_ON_R" width="118" height="97" isometric="true">
		<layer group="this" image="Watchtower_W_N_OFF_R"/>
		<animation speed="8" x="0" y="0" reversible="false">
			<frame group="this" image="WT_W_ON_01_r"/>
			<frame group="this" image="WT_W_ON_02_r"/>
			<frame group="this" image="WT_W_ON_03_r"/>
			<frame group="this" image="WT_W_ON_04_r"/>
			<frame group="this" image="WT_W_ON_05_r"/>
		</animation>
	</image>
	<!-- Note: ROTATED Walled Watchtower Variant OFF and ON states for Southern Climate -->
	<image id="Watchtower_W_S_OFF_R" width="118" height="97" isometric="true">
		<layer src="Palisade_Terrain_S" x="0" y="52"/>
		<layer src="Palisade_Terrain_S" x="30" y="67"/>
		<layer src="Palisade_Terrain_S" x="60" y="52"/>
		<layer src="Watchtower_Walled_R" x="0" y="0"/>
	</image>
	<image id="Watchtower_W_S_ON_R" width="118" height="97" isometric="true">
		<layer group="this" image="Watchtower_W_S_OFF_R"/>
		<animation speed="8" x="0" y="0" reversible="false">
			<frame group="this" image="WT_W_ON_01_r"/>
			<frame group="this" image="WT_W_ON_02_r"/>
			<frame group="this" image="WT_W_ON_03_r"/>
			<frame group="this" image="WT_W_ON_04_r"/>
			<frame group="this" image="WT_W_ON_05_r"/>
		</animation>
	</image>
	<!-- Note: Assets for Palisade CENTRAL CLIMATE all directions and intersection variants. There are 6 variants for each direction of straight wall (01-06 & 07r-12r), which could randomize? -->
	<image id="Pal Wall C 01" width="58" height="40" isometric="true">
		<layer src="Palisade_Terrain_C" x="0" y="10"/>
		<layer src="Palisade_01" x="0" y="0"/>
	</image>
	<image id="Pal Wall C 02" width="58" height="40" isometric="true">
		<layer src="Palisade_Terrain_C" x="0" y="10"/>
		<layer src="Palisade_01" x="0" y="0"/>
		<layer src="Palisade_02" x="5" y="16"/>
	</image>
	<image id="Pal Wall C 03" width="58" height="40" isometric="true">
		<layer src="Palisade_Terrain_C" x="0" y="10"/>
		<layer src="Palisade_01" x="0" y="0"/>
		<layer src="Palisade_02" x="21" y="21"/>
	</image>
	<image id="Pal Wall C 04" width="58" height="40" isometric="true">
		<layer src="Palisade_Terrain_C" x="0" y="10"/>
		<layer src="Palisade_01" x="0" y="0"/>
		<layer src="Palisade_02" x="5" y="16"/>
		<layer src="Palisade_05" x="23" y="21"/>
	</image>
	<image id="Pal Wall C 05" width="58" height="40" isometric="true">
		<layer src="Palisade_Terrain_C" x="0" y="10"/>
		<layer src="Palisade_01" x="0" y="0"/>
		<layer src="Palisade_05" x="23" y="21"/>
	</image>
	<image id="Pal Wall C 06" width="58" height="40" isometric="true">
		<layer src="Palisade_Terrain_C" x="0" y="10"/>
		<layer src="Palisade_01" x="0" y="0"/>
		<layer src="Palisade_06" x="12" y="18"/>
	</image>
	<image id="Pal Wall C 07" width="58" height="40" isometric="true">
		<layer src="Palisade_Terrain_C" x="0" y="10"/>
		<layer src="Palisade_07" x="0" y="0"/>
	</image>
	<image id="Pal Wall C 08" width="58" height="40" isometric="true">
		<layer src="Palisade_Terrain_C" x="0" y="10"/>
		<layer src="Palisade_07" x="0" y="0"/>
		<layer src="Palisade_02" x="39" y="16" invert="horizontal"/>
	</image>
	<image id="Pal Wall C 09" width="58" height="40" isometric="true">
		<layer src="Palisade_Terrain_C" x="0" y="10"/>
		<layer src="Palisade_07" x="0" y="0"/>
		<layer src="Palisade_02" x="23" y="21" invert="horizontal"/>
	</image>
	<image id="Pal Wall C 10" width="58" height="40" isometric="true">
		<layer src="Palisade_Terrain_C" x="0" y="10"/>
		<layer src="Palisade_07" x="0" y="0"/>
		<layer src="Palisade_02" x="39" y="16" invert="horizontal"/>
		<layer src="Palisade_05" x="23" y="21"/>
	</image>
	<image id="Pal Wall C 11" width="58" height="40" isometric="true">
		<layer src="Palisade_Terrain_C" x="0" y="10"/>
		<layer src="Palisade_07" x="0" y="0"/>
		<layer src="Palisade_05" x="23" y="21"/>
	</image>
	<image id="Pal Wall C 12" width="58" height="40" isometric="true">
		<layer src="Palisade_Terrain_C" x="0" y="10"/>
		<layer src="Palisade_07" x="0" y="0"/>
		<layer src="Palisade_06" x="18" y="18" invert="horizontal"/>
	</image>
	<image id="Pal Wall C 13" width="58" height="40" isometric="true">
		<layer src="Palisade_Terrain_C" x="0" y="10"/>
		<layer src="Palisade_13" x="0" y="0"/>
	</image>
	<image id="Pal Wall C 14" width="58" height="40" isometric="true">
		<layer src="Palisade_Terrain_C" x="0" y="10"/>
		<layer src="Palisade_14" x="0" y="0"/>
	</image>
	<image id="Pal Wall C 15" width="58" height="40" isometric="true">
		<layer src="Palisade_Terrain_C" x="0" y="10"/>
		<layer src="Palisade_15" x="0" y="0"/>
	</image>
	<image id="Pal Wall C 16" width="58" height="40" isometric="true">
		<layer src="Palisade_Terrain_C" x="0" y="10"/>
		<layer src="Palisade_16" x="0" y="0"/>
	</image>
	<image id="Pal Wall C 17" width="58" height="40" isometric="true">
		<layer src="Palisade_Terrain_C" x="0" y="10"/>
		<layer src="Palisade_17" x="0" y="0"/>
	</image>
	<image id="Pal Wall C 18" width="58" height="40" isometric="true">
		<layer src="Palisade_Terrain_C" x="0" y="10"/>
		<layer src="Palisade_18" x="0" y="0"/>
	</image>
	<image id="Pal Wall C 19" width="58" height="40" isometric="true">
		<layer src="Palisade_Terrain_C" x="0" y="10"/>
		<layer src="Palisade_19" x="0" y="0"/>
	</image>
	<image id="Pal Wall C 20" width="58" height="40" isometric="true">
		<layer src="Palisade_Terrain_C" x="0" y="10"/>
		<layer src="Palisade_20" x="0" y="0"/>
	</image>
	<image id="Pal Wall C 21" width="58" height="40" isometric="true">
		<layer src="Palisade_Terrain_C" x="0" y="10"/>
		<layer src="Palisade_21" x="0" y="0"/>
	</image>
	<!-- Note: Assets for Palisade NORTH CLIMATE all directions and intersection variants. There are 6 variants for each direction of straight wall (01-06 & 07r-12r), which could randomize? -->
	<image id="Pal Wall N 01" width="58" height="40" isometric="true">
		<layer src="Palisade_Terrain_N" x="0" y="10"/>
		<layer src="Palisade_01" x="0" y="0"/>
	</image>
	<image id="Pal Wall N 02" width="58" height="40" isometric="true">
		<layer src="Palisade_Terrain_N" x="0" y="10"/>
		<layer src="Palisade_01" x="0" y="0"/>
		<layer src="Palisade_02" x="5" y="16"/>
	</image>
	<image id="Pal Wall N 03" width="58" height="40" isometric="true">
		<layer src="Palisade_Terrain_N" x="0" y="10"/>
		<layer src="Palisade_01" x="0" y="0"/>
		<layer src="Palisade_02" x="21" y="21"/>
	</image>
	<image id="Pal Wall N 04" width="58" height="40" isometric="true">
		<layer src="Palisade_Terrain_N" x="0" y="10"/>
		<layer src="Palisade_01" x="0" y="0"/>
		<layer src="Palisade_02" x="5" y="16"/>
		<layer src="Palisade_05" x="23" y="21"/>
	</image>
	<image id="Pal Wall N 05" width="58" height="40" isometric="true">
		<layer src="Palisade_Terrain_N" x="0" y="10"/>
		<layer src="Palisade_01" x="0" y="0"/>
		<layer src="Palisade_05" x="23" y="21"/>
	</image>
	<image id="Pal Wall N 06" width="58" height="40" isometric="true">
		<layer src="Palisade_Terrain_N" x="0" y="10"/>
		<layer src="Palisade_01" x="0" y="0"/>
		<layer src="Palisade_06" x="12" y="18"/>
	</image>
	<image id="Pal Wall N 07" width="58" height="40" isometric="true">
		<layer src="Palisade_Terrain_N" x="0" y="10"/>
		<layer src="Palisade_07" x="0" y="0"/>
	</image>
	<image id="Pal Wall N 08" width="58" height="40" isometric="true">
		<layer src="Palisade_Terrain_N" x="0" y="10"/>
		<layer src="Palisade_07" x="0" y="0"/>
		<layer src="Palisade_02" x="39" y="16" invert="horizontal"/>
	</image>
	<image id="Pal Wall N 09" width="58" height="40" isometric="true">
		<layer src="Palisade_Terrain_N" x="0" y="10"/>
		<layer src="Palisade_07" x="0" y="0"/>
		<layer src="Palisade_02" x="23" y="21" invert="horizontal"/>
	</image>
	<image id="Pal Wall N 10" width="58" height="40" isometric="true">
		<layer src="Palisade_Terrain_N" x="0" y="10"/>
		<layer src="Palisade_07" x="0" y="0"/>
		<layer src="Palisade_02" x="39" y="16" invert="horizontal"/>
		<layer src="Palisade_05" x="23" y="21"/>
	</image>
	<image id="Pal Wall N 11" width="58" height="40" isometric="true">
		<layer src="Palisade_Terrain_N" x="0" y="10"/>
		<layer src="Palisade_07" x="0" y="0"/>
		<layer src="Palisade_05" x="23" y="21"/>
	</image>
	<image id="Pal Wall N 12" width="58" height="40" isometric="true">
		<layer src="Palisade_Terrain_N" x="0" y="10"/>
		<layer src="Palisade_07" x="0" y="0"/>
		<layer src="Palisade_06" x="18" y="18" invert="horizontal"/>
	</image>
	<image id="Pal Wall N 13" width="58" height="40" isometric="true">
		<layer src="Palisade_Terrain_N" x="0" y="10"/>
		<layer src="Palisade_13" x="0" y="0"/>
	</image>
	<image id="Pal Wall N 14" width="58" height="40" isometric="true">
		<layer src="Palisade_Terrain_N" x="0" y="10"/>
		<layer src="Palisade_14" x="0" y="0"/>
	</image>
	<image id="Pal Wall N 15" width="58" height="40" isometric="true">
		<layer src="Palisade_Terrain_N" x="0" y="10"/>
		<layer src="Palisade_15" x="0" y="0"/>
	</image>
	<image id="Pal Wall N 16" width="58" height="40" isometric="true">
		<layer src="Palisade_Terrain_N" x="0" y="10"/>
		<layer src="Palisade_16" x="0" y="0"/>
	</image>
	<image id="Pal Wall N 17" width="58" height="40" isometric="true">
		<layer src="Palisade_Terrain_N" x="0" y="10"/>
		<layer src="Palisade_17" x="0" y="0"/>
	</image>
	<image id="Pal Wall N 18" width="58" height="40" isometric="true">
		<layer src="Palisade_Terrain_N" x="0" y="10"/>
		<layer src="Palisade_18" x="0" y="0"/>
	</image>
	<image id="Pal Wall N 19" width="58" height="40" isometric="true">
		<layer src="Palisade_Terrain_N" x="0" y="10"/>
		<layer src="Palisade_19" x="0" y="0"/>
	</image>
	<image id="Pal Wall N 20" width="58" height="40" isometric="true">
		<layer src="Palisade_Terrain_N" x="0" y="10"/>
		<layer src="Palisade_20" x="0" y="0"/>
	</image>
	<image id="Pal Wall N 21" width="58" height="40" isometric="true">
		<layer src="Palisade_Terrain_N" x="0" y="10"/>
		<layer src="Palisade_21" x="0" y="0"/>
	</image>
	<!-- Note: Assets for Palisade SOUTH CLIMATE all directions and intersection variants. There are 6 variants for each direction of straight wall (01-06 & 07r-12r), which could randomize? -->
	<image id="Pal Wall S 01" width="58" height="40" isometric="true">
		<layer src="Palisade_Terrain_S" x="0" y="10"/>
		<layer src="Palisade_01" x="0" y="0"/>
	</image>
	<image id="Pal Wall S 02" width="58" height="40" isometric="true">
		<layer src="Palisade_Terrain_S" x="0" y="10"/>
		<layer src="Palisade_01" x="0" y="0"/>
		<layer src="Palisade_02" x="5" y="16"/>
	</image>
	<image id="Pal Wall S 03" width="58" height="40" isometric="true">
		<layer src="Palisade_Terrain_S" x="0" y="10"/>
		<layer src="Palisade_01" x="0" y="0"/>
		<layer src="Palisade_02" x="21" y="21"/>
	</image>
	<image id="Pal Wall S 04" width="58" height="40" isometric="true">
		<layer src="Palisade_Terrain_S" x="0" y="10"/>
		<layer src="Palisade_01" x="0" y="0"/>
		<layer src="Palisade_02" x="5" y="16"/>
		<layer src="Palisade_05" x="23" y="21"/>
	</image>
	<image id="Pal Wall S 05" width="58" height="40" isometric="true">
		<layer src="Palisade_Terrain_S" x="0" y="10"/>
		<layer src="Palisade_01" x="0" y="0"/>
		<layer src="Palisade_05" x="23" y="21"/>
	</image>
	<image id="Pal Wall S 06" width="58" height="40" isometric="true">
		<layer src="Palisade_Terrain_S" x="0" y="10"/>
		<layer src="Palisade_01" x="0" y="0"/>
		<layer src="Palisade_06" x="12" y="18"/>
	</image>
	<image id="Pal Wall S 07" width="58" height="40" isometric="true">
		<layer src="Palisade_Terrain_S" x="0" y="10"/>
		<layer src="Palisade_07" x="0" y="0"/>
	</image>
	<image id="Pal Wall S 08" width="58" height="40" isometric="true">
		<layer src="Palisade_Terrain_S" x="0" y="10"/>
		<layer src="Palisade_07" x="0" y="0"/>
		<layer src="Palisade_02" x="39" y="16" invert="horizontal"/>
	</image>
	<image id="Pal Wall S 09" width="58" height="40" isometric="true">
		<layer src="Palisade_Terrain_S" x="0" y="10"/>
		<layer src="Palisade_07" x="0" y="0"/>
		<layer src="Palisade_02" x="23" y="21" invert="horizontal"/>
	</image>
	<image id="Pal Wall S 10" width="58" height="40" isometric="true">
		<layer src="Palisade_Terrain_S" x="0" y="10"/>
		<layer src="Palisade_07" x="0" y="0"/>
		<layer src="Palisade_02" x="39" y="16" invert="horizontal"/>
		<layer src="Palisade_05" x="23" y="21"/>
	</image>
	<image id="Pal Wall S 11" width="58" height="40" isometric="true">
		<layer src="Palisade_Terrain_S" x="0" y="10"/>
		<layer src="Palisade_07" x="0" y="0"/>
		<layer src="Palisade_05" x="23" y="21"/>
	</image>
	<image id="Pal Wall S 12" width="58" height="40" isometric="true">
		<layer src="Palisade_Terrain_S" x="0" y="10"/>
		<layer src="Palisade_07" x="0" y="0"/>
		<layer src="Palisade_06" x="18" y="18" invert="horizontal"/>
	</image>
	<image id="Pal Wall S 13" width="58" height="40" isometric="true">
		<layer src="Palisade_Terrain_S" x="0" y="10"/>
		<layer src="Palisade_13" x="0" y="0"/>
	</image>
	<image id="Pal Wall S 14" width="58" height="40" isometric="true">
		<layer src="Palisade_Terrain_S" x="0" y="10"/>
		<layer src="Palisade_14" x="0" y="0"/>
	</image>
	<image id="Pal Wall S 15" width="58" height="40" isometric="true">
		<layer src="Palisade_Terrain_S" x="0" y="10"/>
		<layer src="Palisade_15" x="0" y="0"/>
	</image>
	<image id="Pal Wall S 16" width="58" height="40" isometric="true">
		<layer src="Palisade_Terrain_S" x="0" y="10"/>
		<layer src="Palisade_16" x="0" y="0"/>
	</image>
	<image id="Pal Wall S 17" width="58" height="40" isometric="true">
		<layer src="Palisade_Terrain_S" x="0" y="10"/>
		<layer src="Palisade_17" x="0" y="0"/>
	</image>
	<image id="Pal Wall S 18" width="58" height="40" isometric="true">
		<layer src="Palisade_Terrain_S" x="0" y="10"/>
		<layer src="Palisade_18" x="0" y="0"/>
	</image>
	<image id="Pal Wall S 19" width="58" height="40" isometric="true">
		<layer src="Palisade_Terrain_S" x="0" y="10"/>
		<layer src="Palisade_19" x="0" y="0"/>
	</image>
	<image id="Pal Wall S 20" width="58" height="40" isometric="true">
		<layer src="Palisade_Terrain_S" x="0" y="10"/>
		<layer src="Palisade_20" x="0" y="0"/>
	</image>
	<image id="Pal Wall S 21" width="58" height="40" isometric="true">
		<layer src="Palisade_Terrain_S" x="0" y="10"/>
		<layer src="Palisade_21" x="0" y="0"/>
	</image>
	<!-- Note: Assets for 'Palisade gate' with rotation variant -->
	<image id="Palisade_Gate" width="58" height="75" isometric="true">
		<layer src="Palisade_Gate" x="0" y="32"/>
		<layer src="Palisade_Gate_Top" x="6" y="0"/>
		<animation speed="1" x="6" y="0" reversible="false">
			<frame src="Palisade_Gate_Top"/>
		</animation>
	</image>
	<image id="Palisade_Gate_R" width="58" height="75" isometric="true">
		<layer src="Palisade_Gate_R" x="22" y="32"/>
		<layer src="Palisade_Gate_R_Top" x="0" y="0"/>
		<animation speed="1" x="0" y="0" reversible="false">
			<frame src="Palisade_Gate_R_Top"/>
		</animation>
	</image>
	<!-- Note: Assets for 'Palisade tower' with rotation and climate variants -->
	<image id="Palisade_Tower_C" width="58" height="75" isometric="true">
		<layer src="Palisade_Terrain_C" x="0" y="45"/>
		<layer src="Palisade_Tower" x="0" y="0"/>
	</image>
	<image id="Palisade_Tower_C_R" width="58" height="75" isometric="true">
		<layer src="Palisade_Terrain_C" x="0" y="45"/>
		<layer src="Palisade_Tower" x="0" y="0"/>
		<layer src="Palisade_Tower_R" x="12" y="41"/>
	</image>
	<image id="Palisade_Tower_N" width="58" height="75" isometric="true">
		<layer src="Palisade_Terrain_N" x="0" y="45"/>
		<layer src="Palisade_Tower" x="0" y="0"/>
	</image>
	<image id="Palisade_Tower_N_R" width="58" height="75" isometric="true">
		<layer src="Palisade_Terrain_N" x="0" y="45"/>
		<layer src="Palisade_Tower" x="0" y="0"/>
		<layer src="Palisade_Tower_R" x="12" y="41"/>
	</image>
	<image id="Palisade_Tower_S" width="58" height="75" isometric="true">
		<layer src="Palisade_Terrain_S" x="0" y="45"/>
		<layer src="Palisade_Tower" x="0" y="0"/>
	</image>
	<image id="Palisade_Tower_S_R" width="58" height="75" isometric="true">
		<layer src="Palisade_Terrain_S" x="0" y="45"/>
		<layer src="Palisade_Tower" x="0" y="0"/>
		<layer src="Palisade_Tower_R" x="12" y="41"/>
	</image>
	<!-- Note: Fort climate variants -->
	<image id="Fort_Main_Central" isometric="true">
		<layer group="66" image="0" x="0" y="0"/>
		<layer src="Fort_Main_Layer_Central" x="0" y="0"/>
	</image>
	<image id="Fort_Main_South" isometric="true">
		<layer group="this" image="Fort_Main_Central"/>
		<layer src="Fort_Main_Layer_South" x="0" y="72"/>
	</image>
	<image id="Fort_Main_North" isometric="true">
		<layer group="this" image="Fort_Main_Central"/>
		<layer src="Fort_Main_Layer_North" x="0" y="72"/>
	</image>
	<!-- Note: Fort unit flag climate variants -->
	<image id="Fort_Jav_Flag_Central">
		<layer group="66" image="2"/>
	</image>
	<image id="Fort_Cav_Flag_Central">
		<layer group="66" image="3"/>
	</image>
	<image id="Fort_Leg_Flag_Central">
		<layer group="66" image="4"/>
	</image>
	<image id="Fort_Jav_Flag_South">
		<layer group="66" image="2"/>
		<layer src="Fort_Flag_Layer_South"/>
	</image>
	<image id="Fort_Cav_Flag_South">
		<layer group="66" image="3"/>
		<layer src="Fort_Flag_Layer_South"/>
	</image>
	<image id="Fort_Leg_Flag_South">
		<layer group="66" image="4"/>
		<layer src="Fort_Flag_Layer_South"/>
	</image>
	<image id="Fort_Jav_Flag_North">
		<layer group="66" image="2"/>
		<layer src="Fort_Flag_Layer_North"/>
	</image>
	<image id="Fort_Cav_Flag_North">
		<layer group="66" image="3"/>
		<layer src="Fort_Flag_Layer_North"/>
	</image>
	<image id="Fort_Leg_Flag_North">
		<layer group="66" image="4"/>
		<layer src="Fort_Flag_Layer_North"/>
	</image>
	<!-- Note: Barracks Cart Pusher Portrait -->
	<image id="barracks_worker_portrait">
		<layer group="190" image="3"/>
		<layer src="barracks_worker_portrait_overlay"/>
	</image>
	<!-- Note: Barracks Cart Pusher Death animation frames 01-08 -->
	<image id="barracks_worker_death_01">
		<layer group="108 " image="102"/>
		<layer src="barracks_worker_death_01"/>
	</image>
	<image id="barracks_worker_death_02">
		<layer group="108 " image="103"/>
		<layer src="barracks_worker_death_02"/>
	</image>
	<image id="barracks_worker_death_03">
		<layer group="108 " image="104"/>
		<layer src="barracks_worker_death_03"/>
	</image>
	<image id="barracks_worker_death_04">
		<layer group="108 " image="105"/>
		<layer src="barracks_worker_death_04"/>
	</image>
	<image id="barracks_worker_death_05">
		<layer group="108 " image="106"/>
		<layer src="barracks_worker_death_05"/>
	</image>
	<image id="barracks_worker_death_06">
		<layer group="108 " image="107"/>
		<layer src="barracks_worker_death_06"/>
	</image>
	<image id="barracks_worker_death_07">
		<layer group="108 " image="108"/>
		<layer src="barracks_worker_death_07"/>
	</image>
	<image id="barracks_worker_death_08">
		<layer group="108 " image="109"/>
		<layer src="barracks_worker_death_08"/>
	</image>
	<!-- Note: Barracks Cart Pusher Walking animation frames NORTH-EAST DIRECTION 01-12 -->
	<image id="barracks_worker_ne_01">
		<layer group="108 " image="0"/>
		<layer src="barracks_worker_ne_01"/>
	</image>
	<image id="barracks_worker_ne_02">
		<layer group="108" image="8"/>
		<layer src="barracks_worker_ne_02"/>
	</image>
	<image id="barracks_worker_ne_03">
		<layer group="108" image="16"/>
		<layer src="barracks_worker_ne_03"/>
	</image>
	<image id="barracks_worker_ne_04">
		<layer group="108" image="24"/>
		<layer src="barracks_worker_ne_04"/>
	</image>
	<image id="barracks_worker_ne_05">
		<layer group="108" image="32"/>
		<layer src="barracks_worker_ne_05"/>
	</image>
	<image id="barracks_worker_ne_06">
		<layer group="108" image="40"/>
		<layer src="barracks_worker_ne_06"/>
	</image>
	<image id="barracks_worker_ne_07">
		<layer group="108" image="48"/>
		<layer src="barracks_worker_ne_07"/>
	</image>
	<image id="barracks_worker_ne_08">
		<layer group="108" image="56"/>
		<layer src="barracks_worker_ne_08"/>
	</image>
	<image id="barracks_worker_ne_09">
		<layer group="108" image="64"/>
		<layer src="barracks_worker_ne_09"/>
	</image>
	<image id="barracks_worker_ne_10">
		<layer group="108" image="72"/>
		<layer src="barracks_worker_ne_10"/>
	</image>
	<image id="barracks_worker_ne_11">
		<layer group="108" image="80"/>
		<layer src="barracks_worker_ne_11"/>
	</image>
	<image id="barracks_worker_ne_12">
		<layer group="108" image="88"/>
		<layer src="barracks_worker_ne_12"/>
	</image>
	<!-- Note: Barracks Cart Pusher Walking animation frames EAST DIRECTION 01-12 -->
	<image id="barracks_worker_e_01">
		<layer group="108" image="1"/>
		<layer src="barracks_worker_e_01"/>
	</image>
	<image id="barracks_worker_e_02">
		<layer group="108" image="9"/>
		<layer src="barracks_worker_e_02"/>
	</image>
	<image id="barracks_worker_e_03">
		<layer group="108" image="17"/>
		<layer src="barracks_worker_e_03"/>
	</image>
	<image id="barracks_worker_e_04">
		<layer group="108" image="25"/>
		<layer src="barracks_worker_e_04"/>
	</image>
	<image id="barracks_worker_e_05">
		<layer group="108" image="33"/>
		<layer src="barracks_worker_e_05"/>
	</image>
	<image id="barracks_worker_e_06">
		<layer group="108" image="41"/>
		<layer src="barracks_worker_e_06"/>
	</image>
	<image id="barracks_worker_e_07">
		<layer group="108" image="49"/>
		<layer src="barracks_worker_e_07"/>
	</image>
	<image id="barracks_worker_e_08">
		<layer group="108" image="57"/>
		<layer src="barracks_worker_e_08"/>
	</image>
	<image id="barracks_worker_e_09">
		<layer group="108" image="65"/>
		<layer src="barracks_worker_e_09"/>
	</image>
	<image id="barracks_worker_e_10">
		<layer group="108" image="73"/>
		<layer src="barracks_worker_e_10"/>
	</image>
	<image id="barracks_worker_e_11">
		<layer group="108" image="81"/>
		<layer src="barracks_worker_e_11"/>
	</image>
	<image id="barracks_worker_e_12">
		<layer group="108" image="89"/>
		<layer src="barracks_worker_e_12"/>
	</image>
	<!-- Note: Barracks Cart Pusher Walking animation frames SOUTH-EAST DIRECTION 01-12 -->
	<image id="barracks_worker_se_01">
		<layer group="108" image="2"/>
		<layer src="barracks_worker_se_01"/>
	</image>
	<image id="barracks_worker_se_02">
		<layer group="108" image="10"/>
		<layer src="barracks_worker_se_02"/>
	</image>
	<image id="barracks_worker_se_03">
		<layer group="108" image="18"/>
		<layer src="barracks_worker_se_03"/>
	</image>
	<image id="barracks_worker_se_04">
		<layer group="108" image="26"/>
		<layer src="barracks_worker_se_04"/>
	</image>
	<image id="barracks_worker_se_05">
		<layer group="108" image="34"/>
		<layer src="barracks_worker_se_05"/>
	</image>
	<image id="barracks_worker_se_06">
		<layer group="108" image="42"/>
		<layer src="barracks_worker_se_06"/>
	</image>
	<image id="barracks_worker_se_07">
		<layer group="108" image="50"/>
		<layer src="barracks_worker_se_07"/>
	</image>
	<image id="barracks_worker_se_08">
		<layer group="108" image="58"/>
		<layer src="barracks_worker_se_08"/>
	</image>
	<image id="barracks_worker_se_09">
		<layer group="108" image="66"/>
		<layer src="barracks_worker_se_09"/>
	</image>
	<image id="barracks_worker_se_10">
		<layer group="108" image="74"/>
		<layer src="barracks_worker_se_10"/>
	</image>
	<image id="barracks_worker_se_11">
		<layer group="108" image="82"/>
		<layer src="barracks_worker_se_11"/>
	</image>
	<image id="barracks_worker_se_12">
		<layer group="108" image="90"/>
		<layer src="barracks_worker_se_12"/>
	</image>
	<!-- Note: Barracks Cart Pusher Walking animation frames SOUTH DIRECTION 01-12 -->
	<image id="barracks_worker_s_01">
		<layer group="108" image="3"/>
		<layer src="barracks_worker_s_01"/>
	</image>
	<image id="barracks_worker_s_02">
		<layer group="108" image="11"/>
		<layer src="barracks_worker_s_02"/>
	</image>
	<image id="barracks_worker_s_03">
		<layer group="108" image="19"/>
		<layer src="barracks_worker_s_03"/>
	</image>
	<image id="barracks_worker_s_04">
		<layer group="108" image="27"/>
		<layer src="barracks_worker_s_04"/>
	</image>
	<image id="barracks_worker_s_05">
		<layer group="108" image="35"/>
		<layer src="barracks_worker_s_05"/>
	</image>
	<image id="barracks_worker_s_06">
		<layer group="108" image="43"/>
		<layer src="barracks_worker_s_06"/>
	</image>
	<image id="barracks_worker_s_07">
		<layer group="108" image="51"/>
		<layer src="barracks_worker_s_07"/>
	</image>
	<image id="barracks_worker_s_08">
		<layer group="108" image="59"/>
		<layer src="barracks_worker_s_08"/>
	</image>
	<image id="barracks_worker_s_09">
		<layer group="108" image="67"/>
		<layer src="barracks_worker_s_09"/>
	</image>
	<image id="barracks_worker_s_10">
		<layer group="108" image="75"/>
		<layer src="barracks_worker_s_10"/>
	</image>
	<image id="barracks_worker_s_11">
		<layer group="108" image="83"/>
		<layer src="barracks_worker_s_11"/>
	</image>
	<image id="barracks_worker_s_12">
		<layer group="108" image="91"/>
		<layer src="barracks_worker_s_12"/>
	</image>
	<!-- Note: Barracks Cart Pusher Walking animation frames SOUTH-WEST DIRECTION 01-12 -->
	<image id="barracks_worker_sw_01">
		<layer group="108" image="4"/>
		<layer src="barracks_worker_sw_01"/>
	</image>
	<image id="barracks_worker_sw_02">
		<layer group="108" image="12"/>
		<layer src="barracks_worker_sw_02"/>
	</image>
	<image id="barracks_worker_sw_03">
		<layer group="108" image="20"/>
		<layer src="barracks_worker_sw_03"/>
	</image>
	<image id="barracks_worker_sw_04">
		<layer group="108" image="28"/>
		<layer src="barracks_worker_sw_04"/>
	</image>
	<image id="barracks_worker_sw_05">
		<layer group="108" image="36"/>
		<layer src="barracks_worker_sw_05"/>
	</image>
	<image id="barracks_worker_sw_06">
		<layer group="108" image="44"/>
		<layer src="barracks_worker_sw_06"/>
	</image>
	<image id="barracks_worker_sw_07">
		<layer group="108" image="52"/>
		<layer src="barracks_worker_sw_07"/>
	</image>
	<image id="barracks_worker_sw_08">
		<layer group="108" image="60"/>
		<layer src="barracks_worker_sw_08"/>
	</image>
	<image id="barracks_worker_sw_09">
		<layer group="108" image="68"/>
		<layer src="barracks_worker_sw_09"/>
	</image>
	<image id="barracks_worker_sw_10">
		<layer group="108" image="76"/>
		<layer src="barracks_worker_sw_10"/>
	</image>
	<image id="barracks_worker_sw_11">
		<layer group="108" image="84"/>
		<layer src="barracks_worker_sw_11"/>
	</image>
	<image id="barracks_worker_sw_12">
		<layer group="108" image="92"/>
		<layer src="barracks_worker_sw_12"/>
	</image>
	<!-- Note: Barracks Cart Pusher Walking animation frames WEST DIRECTION 01-12 -->
	<image id="barracks_worker_w_01">
		<layer group="108" image="5"/>
		<layer src="barracks_worker_w_01"/>
	</image>
	<image id="barracks_worker_w_02">
		<layer group="108" image="13"/>
		<layer src="barracks_worker_w_02"/>
	</image>
	<image id="barracks_worker_w_03">
		<layer group="108" image="21"/>
		<layer src="barracks_worker_w_03"/>
	</image>
	<image id="barracks_worker_w_04">
		<layer group="108" image="29"/>
		<layer src="barracks_worker_w_04"/>
	</image>
	<image id="barracks_worker_w_05">
		<layer group="108" image="37"/>
		<layer src="barracks_worker_w_05"/>
	</image>
	<image id="barracks_worker_w_06">
		<layer group="108" image="45"/>
		<layer src="barracks_worker_w_06"/>
	</image>
	<image id="barracks_worker_w_07">
		<layer group="108" image="53"/>
		<layer src="barracks_worker_w_07"/>
	</image>
	<image id="barracks_worker_w_08">
		<layer group="108" image="61"/>
		<layer src="barracks_worker_w_08"/>
	</image>
	<image id="barracks_worker_w_09">
		<layer group="108" image="69"/>
		<layer src="barracks_worker_w_09"/>
	</image>
	<image id="barracks_worker_w_10">
		<layer group="108" image="77"/>
		<layer src="barracks_worker_w_10"/>
	</image>
	<image id="barracks_worker_w_11">
		<layer group="108" image="85"/>
		<layer src="barracks_worker_w_11"/>
	</image>
	<image id="barracks_worker_w_12">
		<layer group="108" image="93"/>
		<layer src="barracks_worker_w_12"/>
	</image>
	<!-- Note: Barracks Cart Pusher Walking animation frames NORTH-WEST DIRECTION 01-12 -->
	<image id="barracks_worker_nw_01">
		<layer group="108" image="6"/>
		<layer src="barracks_worker_nw_01"/>
	</image>
	<image id="barracks_worker_nw_02">
		<layer group="108" image="14"/>
		<layer src="barracks_worker_nw_02"/>
	</image>
	<image id="barracks_worker_nw_03">
		<layer group="108" image="22"/>
		<layer src="barracks_worker_nw_03"/>
	</image>
	<image id="barracks_worker_nw_04">
		<layer group="108" image="30"/>
		<layer src="barracks_worker_nw_04"/>
	</image>
	<image id="barracks_worker_nw_05">
		<layer group="108" image="38"/>
		<layer src="barracks_worker_nw_05"/>
	</image>
	<image id="barracks_worker_nw_06">
		<layer group="108" image="46"/>
		<layer src="barracks_worker_nw_06"/>
	</image>
	<image id="barracks_worker_nw_07">
		<layer group="108" image="54"/>
		<layer src="barracks_worker_nw_07"/>
	</image>
	<image id="barracks_worker_nw_08">
		<layer group="108" image="62"/>
		<layer src="barracks_worker_nw_08"/>
	</image>
	<image id="barracks_worker_nw_09">
		<layer group="108" image="70"/>
		<layer src="barracks_worker_nw_09"/>
	</image>
	<image id="barracks_worker_nw_10">
		<layer group="108" image="78"/>
		<layer src="barracks_worker_nw_10"/>
	</image>
	<image id="barracks_worker_nw_11">
		<layer group="108" image="86"/>
		<layer src="barracks_worker_nw_11"/>
	</image>
	<image id="barracks_worker_nw_12">
		<layer group="108" image="94"/>
		<layer src="barracks_worker_nw_12"/>
	</image>
	<!-- Note: Barracks Cart Pusher Walking animation frames NORTH DIRECTION 01-12 -->
	<image id="barracks_worker_n_01">
		<layer group="108" image="7"/>
		<layer src="barracks_worker_n_01"/>
	</image>
	<image id="barracks_worker_n_02">
		<layer group="108" image="15"/>
		<layer src="barracks_worker_n_02"/>
	</image>
	<image id="barracks_worker_n_03">
		<layer group="108" image="23"/>
		<layer src="barracks_worker_n_03"/>
	</image>
	<image id="barracks_worker_n_04">
		<layer group="108" image="31"/>
		<layer src="barracks_worker_n_04"/>
	</image>
	<image id="barracks_worker_n_05">
		<layer group="108" image="39"/>
		<layer src="barracks_worker_n_05"/>
	</image>
	<image id="barracks_worker_n_06">
		<layer group="108" image="47"/>
		<layer src="barracks_worker_n_06"/>
	</image>
	<image id="barracks_worker_n_07">
		<layer group="108" image="55"/>
		<layer src="barracks_worker_n_07"/>
	</image>
	<image id="barracks_worker_n_08">
		<layer group="108" image="63"/>
		<layer src="barracks_worker_n_08"/>
	</image>
	<image id="barracks_worker_n_09">
		<layer group="108" image="71"/>
		<layer src="barracks_worker_n_09"/>
	</image>
	<image id="barracks_worker_n_10">
		<layer group="108" image="79"/>
		<layer src="barracks_worker_n_10"/>
	</image>
	<image id="barracks_worker_n_11">
		<layer group="108" image="87"/>
		<layer src="barracks_worker_n_11"/>
	</image>
	<image id="barracks_worker_n_12">
		<layer group="108" image="95"/>
		<layer src="barracks_worker_n_12"/>
	</image>
	<!-- Note: Armoury Variants for Central, North and South Climates Respectively -->
	<image id="Armoury_OFF_C" src="Armoury_OFF_C" isometric="true"/>
	<image id="Armoury_OFF_N" isometric="true">
		<layer group="this" image="Armoury_OFF_C" x="0" y="0"/>
		<layer src="Armoury_OFF_N" x="0" y="48"/>
	</image>
	<image id="Armoury_OFF_S" isometric="true">
		<layer group="this" image="Armoury_OFF_C" x="0" y="0"/>
		<layer src="Armoury_OFF_S" x="0" y="48"/>
	</image>
	<!-- Note: Armoury ON animation reference DO NOT USE! -->
	<image id="Armoury_Anim_01" width="118" height="83">
		<layer src="Armoury_Top" x="1" y="25"/>
		<layer src="Armoury_ON_01" x="44" y="35"/>
		<layer src="Watchtower_ON_01" x="102" y="15"/>
	</image>
	<image id="Armoury_Anim_02" width="118" height="83">
		<layer src="Armoury_Top" x="1" y="25"/>
		<layer src="Armoury_ON_02" x="44" y="35"/>
		<layer src="Watchtower_ON_02" x="102" y="15"/>
	</image>
	<image id="Armoury_Anim_03" width="118" height="83">
		<layer src="Armoury_Top" x="1" y="25"/>
		<layer src="Armoury_ON_03" x="44" y="35"/>
		<layer src="Watchtower_ON_03" x="102" y="15"/>
	</image>
	<image id="Armoury_Anim_04" width="118" height="83">
		<layer src="Armoury_Top" x="1" y="25"/>
		<layer src="Armoury_ON_02" x="44" y="35"/>
		<layer src="Watchtower_ON_04" x="102" y="15"/>
	</image>
	<image id="Armoury_Anim_05" width="118" height="83">
		<layer src="Armoury_Top" x="1" y="25"/>
		<layer src="Armoury_ON_01" x="44" y="35"/>
		<layer src="Watchtower_ON_05" x="102" y="15"/>
	</image>
	<!-- Note: Armoury ON Animations for Central, North and South Climates Respectively -->
	<image id="Armoury_ON_C" isometric="true">
		<layer group="this" image="Armoury_OFF_C"/>
		<animation speed="6" x="0" y="0" reversible="false">
			<frame group="this" image="Armoury_Anim_01"/>
			<frame group="this" image="Armoury_Anim_02"/>
			<frame group="this" image="Armoury_Anim_03"/>
			<frame group="this" image="Armoury_Anim_04"/>
			<frame group="this" image="Armoury_Anim_05"/>
		</animation>
	</image>
	<image id="Armoury_ON_N" isometric="true">
		<layer group="this" image="Armoury_OFF_N"/>
		<animation speed="6" x="0" y="0" reversible="false">
			<frame group="this" image="Armoury_Anim_01"/>
			<frame group="this" image="Armoury_Anim_02"/>
			<frame group="this" image="Armoury_Anim_03"/>
			<frame group="this" image="Armoury_Anim_04"/>
			<frame group="this" image="Armoury_Anim_05"/>
		</animation>
	</image>
	<image id="Armoury_ON_S" isometric="true">
		<layer group="this" image="Armoury_OFF_S"/>
		<animation speed="6" x="0" y="0" reversible="false">
			<frame group="this" image="Armoury_Anim_01"/>
			<frame group="this" image="Armoury_Anim_02"/>
			<frame group="this" image="Armoury_Anim_03"/>
			<frame group="this" image="Armoury_Anim_04"/>
			<frame group="this" image="Armoury_Anim_05"/>
		</animation>
	</image>
</assetlist>